,p_before,p_chamber_pressure_predischarge,t_cd_discharge_request,U_Bt_final,U_CD_final,b_plasma
40000,0.90,94.10,"1500
",1005,529,0.000
40001,0.92,16.30,"1500
",1009,513,1.000
40002,0.93,25.70,"1500
",1018,520,1.000
40003,0.93,28.30,"1500
",1013,516,1.000
40004,0.92,19.50,"1500
",1019,628,1.000
40005,0.92,22.40,"1500
",1002,670,1.000
40006,0.92,20.90,"1500
",1015,768,1.000
40007,0.91,14.80,"1000
",821,475,1.000
40008,0.92,20.70,"1500
",1004,717,1.000
40009,0.91,20.00,"1500
",1004,773,1.000
40010,0.91,20.80,"1500
",1018,476,0.000
40011,0.90,25.90,"1500
",1002,526,1.000
40012,0.90,18.90,"1500
",1005,528,1.000
40013,0.98,4.32,"500
",817,517,1.000
40014,0.96,13.40,"500
",825,523,1.000
40015,0.96,12.60,"500
",811,509,1.000
40016,0.95,0.95,"500
",812,509,0.000
40017,0.93,14.20,"500
",814,514,1.000
40018,0.93,15.70,"500
",812,509,1.000
40019,0.94,15.70,"500
",812,532,1.000
40020,0.93,15.30,"500
",818,516,1.000
40021,0.94,14.00,"500
",801,525,1.000
40022,0.93,16.30,"500
",812,528,1.000
40023,0.94,15.50,"500
",826,517,1.000
40024,0.91,14.70,"500
",826,520,1.000
40025,0.91,11.10,"500
",801,519,1.000
40026,0.91,12.60,"500
",812,511,1.000
40027,0.92,15.00,"500
",823,517,1.000
40028,0.92,13.50,"500
",816,510,1.000
40029,0.91,15.00,"500
",804,524,1.000
40030,0.91,16.10,"500
",809,525,1.000
40031,0.90,15.00,"500
",814,500,1.000
40032,0.90,15.30,"500
",809,501,1.000
40033,3.26,4.19,"1000
",812,480,0.000
40034,1.57,10.20,"0
",811,504,1.000
40035,1.03,24.90,"1000
",903,503,1.000
40036,1.02,16.80,"0
",810,616,1.000
40037,1.02,14.60,"0
",770,570,1.000
40038,0.93,15.30,"1000
",818,480,
40039,0.93,10.30,"1000
",818,478,1.000
40040,0.94,16.20,"0
",821,520,1.000
40041,0.94,19.40,"1000
",810,429,1.000
40042,0.94,9.97,"200
",1159,566,1.000
40043,0.94,10.40,"300
",1101,577,1.000
40044,0.94,10.00,"200
",1213,552,1.000
40045,0.93,10.70,"1000
",1152,508,1.000
40046,0.93,10.20,"200
",1113,526,1.000
40047,0.93,12.00,"200
",1213,522,1.000
40048,0.93,12.60,"200
",1116,453,1.000
40049,0.91,0.91,"0
",602,404,0.000
40050,0.91,0.91,"0
",415,811,0.000
40051,0.91,10.20,"0
",608,413,1.000
40052,0.91,0.91,"0
",531,411,0.000
40053,0.91,0.91,"0
",715,421,0.000
40054,0.91,5.02,"1000
",815,506,1.000
40055,0.92,7.33,"1000
",812,500,1.000
40056,0.92,,"1000
",810,545,0.000
40057,0.92,14.40,"1000
",822,520,1.000
40058,0.92,18.10,"1000
",828,524,1.000
40059,0.92,21.00,"1000
",815,505,1.000
40060,0.92,24.50,"1000
",814,505,1.000
40061,0.91,17.30,"1000
",1011,428,1.000
40062,0.92,16.50,"1000
",1006,500,1.000
40063,0.91,15.80,"1000
",1002,612,1.000
40064,0.91,16.00,"1000
",1017,702,1.000
40065,0.91,11.60,"1000
",1008,527,1.000
40066,0.91,9.07,"1000
",1009,505,1.000
40067,0.91,19.00,"1000
",1007,530,1.000
40068,0.91,19.90,"1000
",1002,527,1.000
40069,0.94,16.30,"1000
",1020,523,1.000
40070,0.91,14.70,"1000
",1017,507,1.000
40071,7.01,6.35,"1000
",812,483,1.000
40072,4.17,18.90,"1000
",813,417,1.000
40073,3.23,16.40,"0
",626,431,1.000
40074,3.49,11.40,"1000
",813,473,1.000
40075,1.21,13.70,"0
",808,456,1.000
40076,1.17,18.60,"0
",807,458,1.000
40077,1.17,31.90,"0
",802,485,1.000
40078,1.21,13.20,"0
",812,464,1.000
40079,1.22,488.00,"0
",824,477,0.000
40080,1.12,171.00,"0
",822,557,0.000
40081,1.12,2.06,"0
",818,660,1.000
40082,1.11,19.50,"0
",826,564,1.000
40083,1.14,16.30,"0
",811,657,1.000
40084,1.14,13.40,"0
",814,384,1.000
40085,1.13,18.50,"0
",818,289,0.000
40086,1.12,17.90,"0
",800,177,0.000
40087,1.04,18.90,"0
",905,479,1.000
40088,1.09,17.90,"0
",1003,473,1.000
40089,1.10,19.50,"0
",1105,479,1.000
40090,1.10,19.70,"0
",709,455,1.000
40091,1.11,19.20,"0
",605,456,1.000
40092,1.08,18.60,"0
",802,283,0.000
40093,1.12,18.90,"0
",814,179,0.000
40094,1.02,18.60,"0
",800,328,1.000
40095,1.03,19.40,"0
",803,332,1.000
40096,1.03,19.70,"0
",721,309,1.000
40097,1.06,18.80,"0
",617,301,0.000
40098,1.07,17.80,"0
",919,257,0.000
40099,1.02,18.30,"0
",1004,701,1.000
40100,1.10,17.90,"0
",1100,715,1.000
40101,1.01,18.60,"0
",1007,265,0.000
40102,1.04,18.20,"0
",918,713,1.000
40103,1.04,4.80,"0
",810,723,0.000
40104,0.99,17.70,"0
",711,711,0.000
40105,1.02,18.60,"0
",1202,701,1.000
40106,0.99,18.50,"0
",1206,703,1.000
40107,0.99,11.10,"0
",1210,721,1.000
40108,0.98,33.40,"0
",1212,717,1.000
40109,0.97,19.40,"12000
",1212,716,0.000
40110,1.02,19.00,"0
",1201,717,1.000
40111,1.03,18.20,"5000
",1200,700,0.000
40112,1.01,19.00,"5000
",1202,700,0.000
40113,1.00,18.80,"5000
",1204,721,0.000
40114,1.01,18.70,"1000
",1204,726,1.000
40115,0.96,18.80,"2000
",1101,454,0.000
40116,0.96,21.10,"0
",1207,459,1.000
40117,0.96,10.80,"1000
",1211,462,0.000
40118,0.97,11.60,"0
",1212,467,1.000
40119,1.00,11.40,"0
",1211,380,1.000
40120,1.05,11.30,"0
",1201,555,1.000
40121,1.04,14.00,"1000
",810,470,1.000
40122,1.04,11.20,"1000
",809,467,1.000
40123,0.96,14.30,"0
",1016,512,1.000
40124,0.91,13.70,"1000
",,,0.000
40125,0.91,10.40,"1000
",256,256,0.000
40126,0.91,10.90,"1000
",232,232,0.000
40127,0.91,10.90,"1000
",802,453,1.000
40128,0.93,11.30,"1000
",815,470,1.000
40129,10.60,7.97,"1000
",811,466,0.000
40130,2.20,12.70,"1000
",805,416,1.000
40131,1.53,11.80,"0
",1005,513,1.000
40132,0.93,13.10,"1000
",830,523,1.000
40133,0.88,7.91,"1000
",826,518,1.000
40134,0.89,11.50,"1000
",813,526,1.000
40135,0.89,15.70,"1000
",821,527,1.000
40136,0.88,9.27,"1000
",808,527,0.000
40137,0.87,19.10,"1000
",814,502,1.000
40138,0.87,8.06,"1000
",828,518,1.000
40139,0.86,8.58,"1000
",816,501,1.000
40140,0.85,11.60,"1000
",819,509,1.000
40141,0.86,15.60,"1000
",813,503,1.000
40142,0.86,20.00,"1000
",820,507,1.000
40143,0.85,35.50,"1000
",816,510,1.000
40144,0.86,0.90,"1000
",800,522,0.000
40145,0.93,39.40,"1000
",804,523,1.000
40146,0.85,0.85,"1000
",828,513,1.000
40147,0.85,0.89,"1000
",824,511,1.000
40148,0.85,0.85,"1000
",822,507,1.000
40149,0.85,0.85,"1000
",841,516,1.000
40150,0.84,0.84,"1000
",801,519,1.000
40151,0.85,0.85,"1000
",829,514,1.000
40152,0.85,0.85,"1000
",801,521,1.000
40153,0.84,1.05,"1000
",800,520,1.000
40154,0.84,0.84,"1000
",811,526,1.000
40155,0.84,0.84,"1000
",813,527,1.000
40156,0.84,0.84,"1000
",817,530,0.000
40157,0.82,0.82,"1000
",818,508,0.000
40158,3.58,13.40,"1000
",828,475,0.000
40159,1.64,14.40,"1000
",800,525,1.000
40160,1.11,13.90,"1000
",818,521,
40161,1.09,14.60,"1000
",820,517,
40162,1.07,14.60,"1000
",821,516,1.000
40163,1.07,13.90,"1000
",818,512,1.000
40164,1.05,14.70,"1000
",808,528,1.000
40165,1.04,14.00,"1000
",812,507,1.000
40166,0.96,14.50,"1000
",810,508,1.000
40167,0.96,14.30,"1000
",804,529,1.000
40168,0.94,14.70,"1000
",813,507,1.000
40169,0.95,14.40,"1000
",808,500,1.000
40170,0.91,14.50,"1000
",819,522,1.000
40171,105.00,102.00,"1000
",246,246,
40172,88.50,87.50,"1000
",432,432,0.000
40173,67.90,67.60,"1000
",521,521,0.000
40174,65.80,65.80,"1000
",820,503,0.000
40175,65.30,65.30,"1000
",1003,605,0.000
40176,64.90,64.70,"1000
",1209,706,0.000
40177,64.90,64.90,"1000
",1209,725,0.000
40178,1.32,1.32,"1000
",275,275,0.000
40179,1.57,1.54,"1000
",814,472,0.000
40180,1.50,1.50,"1000
",810,470,0.000
40181,1.62,1.60,"1000
",813,483,0.000
40182,1.33,1.33,"1000
",800,457,0.000
40183,1.28,18.50,"1000
",825,494,0.000
40184,1.25,21.10,"500
",820,522,1.000
40185,1.22,18.70,"500
",808,516,1.000
40186,1.22,22.10,"500
",816,517,1.000
40187,2.25,13.20,"500
",812,509,0.000
40188,1.80,21.80,"500
",803,526,1.000
40189,1.23,13.00,"500
",814,516,0.000
40190,16.50,26.90,"500
",809,517,1.000
40191,1.12,3.19,"500
",801,523,0.000
40192,1.69,36.60,"500
",806,500,1.000
40193,1.09,43.60,"500
",1016,527,1.000
40194,1.07,1.07,"500
",1000,506,0.000
40195,1.06,39.00,"500
",1007,516,1.000
40196,1.04,36.80,"500
",1001,501,1.000
40197,1.03,47.00,"500
",1001,529,1.000
40198,1.02,49.20,"500
",1001,530,1.000
40199,1.02,1.02,"500
",1211,476,0.000
40200,1.02,48.90,"500
",1208,340,0.000
40201,1.01,55.10,"100
",1211,347,1.000
40203,0.99,63.60,"500
",1211,351,
40205,0.97,59.60,"500
",1010,516,1.000
40206,0.98,59.40,"500
",1201,453,1.000
40207,0.98,74.40,"100
",1101,375,1.000
40208,0.98,79.60,"500
",1011,519,1.000
40209,0.98,63.30,"500
",1001,503,1.000
40210,0.98,77.70,"500
",1004,501,1.000
40211,197.00,554.00,"1000
",,,0.000
40212,1.97,272.00,"1000
",0,0,0.000
40213,1.56,282.00,"1000
",0,0,0.000
40214,1.39,291.00,"1000
",0,0,0.000
40215,1.06,269.00,"1000
",239,239,
40216,1.06,322.00,"1000
",256,256,0.000
40217,1.03,13.50,"1000
",814,469,1.000
40218,1.02,11.70,"1000
",1000,500,1.000
40219,1.01,8.94,"1000
",1010,519,1.000
40220,1.01,4.44,"1000
",0,0,0.000
40221,1.00,1.09,"1000
",0,0,0.000
40222,1.23,3.13,"1000
",810,420,0.000
40223,1.16,3.53,"1000
",800,407,0.000
40224,1.12,5.93,"1000
",809,422,1.000
40225,1.20,3.29,"500
",823,524,1.000
40226,1.07,2.67,"500
",1115,566,1.000
40227,1.02,3.01,"500
",827,480,1.000
40228,0.99,3.23,"500
",813,468,1.000
40229,0.98,3.40,"500
",818,476,1.000
40230,0.97,3.24,"500
",813,471,1.000
40231,0.96,2.84,"500
",814,468,1.000
40232,0.95,2.91,"500
",811,471,1.000
40233,0.95,0.95,"500
",815,473,0.000
40234,0.95,2.47,"500
",810,459,1.000
40235,0.94,3.09,"500
",815,466,0.000
40236,0.94,2.96,"500
",806,453,0.000
40237,0.94,11.00,"500
",817,469,1.000
40238,0.93,11.90,"500
",814,459,1.000
40239,0.92,14.10,"500
",807,451,1.000
40240,0.92,14.70,"500
",813,468,1.000
40241,0.92,15.90,"500
",812,461,1.000
40242,0.92,14.90,"500
",812,457,1.000
40243,0.92,14.60,"500
",811,457,1.000
40244,0.92,13.80,"500
",802,486,1.000
40245,0.91,17.10,"500
",817,468,1.000
40246,0.91,20.10,"500
",813,461,1.000
40247,0.91,14.60,"500
",815,466,1.000
40248,0.91,3.41,"500
",808,453,1.000
40249,0.90,4.29,"500
",815,462,1.000
40250,0.90,7.25,"500
",818,476,1.000
40251,0.90,7.56,"500
",806,483,1.000
40252,0.90,8.71,"500
",816,474,1.000
40253,0.90,9.59,"500
",802,482,1.000
40254,0.90,9.65,"500
",806,450,1.000
40255,0.90,9.52,"500
",814,468,1.000
40256,0.89,9.87,"500
",800,474,1.000
40257,0.89,4.35,"500
",806,452,1.000
40258,0.89,4.87,"500
",815,461,1.000
40259,0.89,6.23,"500
",812,455,1.000
40260,0.90,5.41,"500
",820,475,1.000
40261,0.89,6.60,"500
",819,470,1.000
40262,0.89,5.77,"500
",801,478,1.000
40264,1.18,1.18,"1000
",15,,
40265,1.12,39.60,"1000
",,,
40266,1.08,40.00,"1000
",410,410,0.000
40268,1.07,1.07,"1000
",813,686,0.000
40269,1.06,1.06,"1000
",1058,743,0.000
40271,1.32,33.00,"1000
",383,383,1.000
40272,1.09,35.80,"1000
",15,15,0.000
40273,1.02,40.60,"1000
",829,829,
40274,1.01,45.20,"1000
",804,568,0.000
40275,1.00,45.50,"1000
",930,649,1.000
40276,0.99,49.30,"1000
",802,464,0.000
40277,0.98,59.60,"1000
",811,461,0.000
40278,0.98,66.50,"1000
",800,477,1.000
40279,0.96,68.60,"0
",614,424,1.000
40280,0.98,77.80,"1000
",1002,458,1.000
40281,0.99,106.00,"0
",801,456,1.000
40282,0.99,105.00,"0
",800,467,1.000
40283,0.98,121.00,"0
",803,457,0.000
40284,1.00,157.00,"1000
",807,461,1.000
40285,0.99,160.00,"0
",1102,460,1.000
40286,0.97,1.76,"0
",607,481,0.000
40287,0.97,10.90,"1000
",812,400,1.000
40288,0.97,12.90,"5000
",800,467,0.000
40289,0.97,14.20,"0
",614,462,1.000
40290,0.96,16.70,"0
",810,663,1.000
40291,0.96,18.20,"0
",804,477,0.000
40292,0.97,21.80,"0
",625,515,1.000
40293,0.96,21.80,"0
",802,454,1.000
40294,0.94,22.80,"0
",801,480,1.000
40295,0.95,22.20,"1000
",805,425,1.000
40296,0.95,24.00,"0
",804,602,1.000
40297,0.95,28.30,"0
",602,715,0.000
40298,0.97,33.10,"0
",805,459,1.000
40299,0.97,38.20,"0
",1100,450,0.000
40300,0.96,39.40,"1000
",1009,456,0.000
40301,1.29,56.20,"1000
",810,459,1.000
40302,0.96,45.40,"0
",600,964,0.000
40303,0.96,60.00,"1000
",803,450,1.000
40304,0.96,58.40,"5000
",805,451,0.000
40305,0.95,68.00,"0
",820,669,1.000
40306,0.96,67.70,"2500
",806,453,0.000
40307,0.94,66.90,"0
",617,478,1.000
40308,0.93,67.80,"0
",818,474,1.000
40309,4.42,95.90,"0
",814,623,1.000
40310,0.97,22.00,"500
",808,461,1.000
40311,0.94,29.90,"0
",618,426,1.000
40312,0.94,31.70,"0
",1212,427,1.000
40313,0.93,30.40,"2000
",805,610,0.000
40314,0.95,38.90,"0
",512,736,0.000
40315,1.67,48.60,"2500
",807,456,0.000
40316,0.92,41.20,"0
",1007,469,1.000
40317,0.92,40.40,"0
",613,712,0.000
40318,0.92,46.60,"1000
",817,580,1.000
40319,0.93,43.50,"0
",1209,716,1.000
40320,0.92,43.90,"0
",813,621,1.000
40321,0.95,51.70,"0
",621,475,0.000
40322,0.94,52.80,"0
",801,668,1.000
40323,0.93,55.50,"1000
",804,372,0.000
40324,0.94,58.20,"0
",620,552,1.000
40325,1.52,76.90,"0
",904,428,1.000
40326,0.91,62.40,"0
",913,714,1.000
40327,0.92,72.30,"0
",621,556,0.000
40328,0.91,66.70,"500
",816,557,0.000
40329,0.94,75.80,"0
",1005,653,1.000
40330,1.03,5.04,"500
",1004,676,1.000
40331,0.90,4.15,"0
",1201,716,1.000
40332,0.90,4.14,"0
",618,217,0.000
40333,0.90,4.03,"500
",1002,618,1.000
40334,0.90,4.28,"0
",600,565,1.000
40335,0.91,4.10,"0
",1213,558,1.000
40336,0.91,3.92,"0
",1202,232,0.000
40337,0.93,5.19,"1000
",1005,569,1.000
40338,0.90,4.73,"500
",1000,450,1.000
40339,0.91,5.14,"0
",816,478,1.000
40340,0.91,4.93,"100
",824,479,1.000
40341,0.91,4.92,"0
",817,661,1.000
40343,2.51,2.51,"1000
",221,221,0.000
40344,2.25,2.25,"1000
",260,260,0.000
40345,1.97,1.96,"1000
",250,250,0.000
40346,1.92,1.92,"1000
",250,250,0.000
40347,17.70,16.00,"1000
",258,258,1.000
40409,18800.00,18800.00,"1000
",50,50,
40410,18900.00,18900.00,"1000
",101,101,
40411,19000.00,19000.00,"1000
",100,100,
40412,19100.00,19100.00,"1000
",228,228,
40413,3.99,3.92,"1000
",823,470,
40414,1.67,1.71,"1000
",,,
40415,1.43,17.40,"1000
",0,0,
40416,1.38,9.04,"1000
",245,245,
40417,1.03,3.67,"1000
",245,245,
40418,0.93,2.63,"1000
",0,0,
40419,0.92,4.64,"1000
",0,0,
40421,0.88,3.26,"1000
",0,0,
40422,0.84,3.08,"1000
",,,
40423,0.83,4.25,"1000
",0,0,
40424,0.81,3.47,"1000
",0,0,
40425,0.78,2.69,"1000
",0,0,
40426,0.77,4.28,"1000
",0,0,
40427,0.76,2.46,"1000
",,,
40428,0.75,3.70,"1000
",,,
40429,0.75,5.32,"1000
",0,0,
40430,0.78,5.66,"1000
",0,0,
40431,1.19,2.09,"1000
",,,
40432,0.85,1.76,"1000
",0,0,
40433,0.80,2.17,"1000
",0,0,
40434,0.77,1.79,"1000
",0,0,
40435,0.76,2.73,"1000
",0,0,
40436,0.75,2.34,"1000
",0,0,
40437,0.75,3.62,"1000
",0,0,
40438,0.74,3.40,"1000
",0,0,
40439,0.74,3.16,"1000
",0,0,
40440,0.73,2.96,"1000
",0,0,
40441,0.73,3.60,"1000
",0,0,
40442,0.73,3.96,"1000
",0,0,
40443,0.72,3.75,"1000
",0,0,
40444,0.72,3.90,"1000
",0,0,
40445,1.08,7.32,"1000
",818,530,
40446,1.03,10.30,"1000
",0,0,
40447,0.99,10.30,"1000
",0,0,
40448,0.97,9.77,"1000
",0,0,
40449,0.95,10.70,"1000
",0,0,
40450,0.94,12.20,"1000
",0,0,
40451,0.93,11.30,"1000
",0,0,
40452,0.90,8.71,"1000
",0,0,
40453,0.90,12.00,"1000
",220,220,
40454,0.90,15.10,"1000
",813,463,
40455,0.89,14.50,"1000
",823,467,
40456,0.96,18.40,"1000
",825,468,
40457,2.98,17.30,"1000
",816,476,
40458,1.48,43.20,"1000
",807,466,
40459,1.47,39.50,"1000
",810,478,
40460,1.38,28.90,"1000
",803,459,
40461,0.89,1.18,"1000
",803,455,
40462,0.89,2.48,"1000
",804,577,
40463,2.72,2.59,"1000
",814,454,
40464,1.45,1.45,"1000
",816,465,0.000
40465,1.33,21.50,"1000
",907,575,0.000
40466,1.01,35.70,"1000
",915,581,1.000
40467,1.04,8.70,"1000
",923,563,1.000
40468,0.76,1.22,"1000
",905,568,1.000
40469,0.74,1.10,"1000
",913,550,1.000
40470,0.74,1.32,"1000
",900,569,1.000
40471,3.87,3.63,"1000
",808,482,1.000
40472,0.79,0.83,"1000
",0,0,0.000
40473,0.77,0.80,"1000
",800,479,1.000
40474,1.00,1.00,"1000
",810,485,1.000
40475,0.85,0.94,"1000
",810,451,1.000
40476,0.79,0.97,"1000
",0,0,0.000
40477,0.78,0.91,"1000
",0,0,0.000
40478,0.78,0.96,"1000
",814,460,1.000
40479,0.77,1.26,"1000
",814,454,1.000
40480,0.77,1.29,"1000
",817,461,1.000
40481,0.77,1.55,"1000
",810,452,1.000
40482,0.76,5.93,"1000
",815,432,1.000
40483,0.73,3.85,"1000
",807,477,1.000
40484,0.72,4.09,"1000
",260,260,1.000
40485,0.72,6.31,"1000
",239,239,0.000
40486,0.71,7.98,"1000
",816,461,1.000
40487,0.85,8.08,"1000
",810,460,0.000
40488,0.82,7.25,"1000
",804,455,1.000
40489,0.79,5.28,"1000
",807,459,1.000
40490,0.78,7.44,"1000
",813,469,1.000
40491,0.75,4.21,"1000
",812,466,1.000
40492,0.74,5.81,"1000
",809,463,1.000
40493,0.73,6.04,"1000
",822,479,1.000
40494,0.73,6.09,"1000
",808,462,1.000
40495,0.73,7.38,"1000
",809,463,1.000
40496,0.72,6.66,"1000
",806,457,1.000
40497,0.71,4.35,"1000
",826,478,1.000
40498,2.69,2.71,"1000
",,,
40499,1.40,1.55,"1000
",0,0,
40500,1.15,1.31,"1000
",0,0,
40501,0.96,1.10,"1000
",0,0,
40502,0.94,1.14,"1000
",0,0,
40503,0.93,1.25,"1000
",0,0,
40504,0.90,1.06,"1000
",,,0.000
40505,0.90,1.20,"1000
",230,230,0.000
40506,0.90,1.51,"1000
",815,462,0.000
40507,0.90,1.55,"1000
",819,467,0.000
40508,0.91,3.14,"1000
",830,479,1.000
40509,5.43,5.85,"1000
",825,454,1.000
40510,1.28,1.71,"1000
",810,461,0.000
40511,1.20,2.99,"1000
",905,578,1.000
40512,3.28,4.30,"1000
",801,480,1.000
40513,1.03,1.55,"1000
",909,575,1.000
40538,6.64,6.60,"1000
",,,0.000
40539,6.25,6.23,"1000
",243,243,0.000
40540,5.84,5.85,"1000
",813,463,0.000
40541,4.18,4.19,"1000
",816,553,0.000
40542,5.33,5.28,"1000
",806,483,0.000
40543,3.74,3.74,"1000
",805,564,0.000
40545,3.74,34.70,"1000
",812,453,0.000
40546,3.71,36.50,"1000
",816,462,1.000
40547,4.64,6.94,"1000
",811,452,0.000
40549,3.05,7.82,"1000
",0,0,0.000
40550,3.04,7.67,"1000
",0,0,0.000
40551,3.02,7.29,"1000
",233,233,0.000
40552,3.01,12.00,"1000
",236,236,1.000
40553,3.05,23.10,"1000
",260,260,0.000
40554,7.46,75.60,"1000
",240,240,0.000
40555,3.87,10.30,"1000
",235,235,0.000
40556,3.29,94.00,"1000
",246,246,0.000
40557,3.09,4.48,"1000
",0,0,0.000
40558,3.03,4.12,"1000
",0,0,0.000
40559,3.03,4.46,"1000
",0,0,0.000
40560,2.99,3.65,"1000
",0,0,0.000
40561,2.99,3.77,"1000
",0,0,0.000
40562,2.99,3.85,"1000
",0,0,0.000
40563,2.94,3.34,"1000
",0,0,0.000
40564,3.02,3.02,"1000
",0,0,0.000
40565,2.95,14.30,"1000
",0,0,0.000
40566,2.94,15.20,"1000
",0,0,0.000
40567,3.03,7.31,"1000
",0,0,0.000
40568,3.10,4.65,"1000
",0,0,0.000
40569,2.85,4.74,"1000
",0,0,0.000
40570,3.67,3.39,"1000
",0,0,0.000
40571,2.77,3.93,"1000
",0,0,0.000
40572,2.77,3.72,"1000
",0,0,0.000
40573,2.76,3.80,"1000
",0,0,0.000
40574,2.76,3.71,"1000
",0,0,0.000
40575,2.77,6.33,"1000
",813,529,1.000
40576,2.73,2.73,"1000
",815,501,0.000
40577,2.71,6.54,"1000
",803,526,1.000
40578,2.76,7.37,"1000
",811,526,1.000
40579,3.01,57.60,"1000
",,,1.000
40580,2.87,20.70,"1000
",821,514,1.000
40581,2.78,2.78,"1000
",801,525,0.000
40582,2.73,2.73,"1000
",802,526,0.000
40583,2.73,16.70,"1000
",815,500,1.000
40584,2.75,21.00,"1000
",830,518,1.000
40585,2.72,16.30,"1000
",812,529,1.000
40586,2.67,15.70,"1000
",821,511,1.000
40587,2.91,17.60,"1000
",803,522,1.000
40588,2.59,2.59,"1000
",819,511,0.000
40589,2.58,13.90,"1000
",821,509,1.000
40590,2.59,14.70,"1000
",825,508,1.000
40591,2.55,41.00,"1000
",,,0.000
40592,2.51,39.20,"1000
",0,0,0.000
40593,2.51,38.40,"1000
",816,450,1.000
40594,2.55,48.00,"1000
",816,484,1.000
40595,2.56,37.60,"1000
",916,619,1.000
40596,4.10,28.20,"1000
",,,0.000
40597,3.48,42.10,"1000
",0,0,0.000
40598,3.10,41.50,"1000
",0,0,0.000
40599,3.06,43.10,"1000
",0,0,0.000
40600,2.89,11.90,"1000
",810,452,0.000
40601,2.91,38.20,"1000
",811,460,1.000
40602,2.60,5.67,"1000
",803,479,1.000
40603,2.60,6.00,"1000
",817,552,1.000
40604,2.65,6.56,"1000
",826,579,1.000
40605,6.23,13.90,"1000
",,,0.000
40606,4.73,23.30,"1000
",0,0,0.000
40607,3.46,18.90,"1000
",829,522,0.000
40608,3.34,25.20,"1000
",821,516,1.000
40609,3.10,25.60,"1000
",827,523,1.000
40610,2.70,4.32,"1000
",808,525,1.000
40611,2.62,5.56,"500
",814,466,1.000
40612,2.58,2.58,"350
",1214,468,0.000
40613,2.55,5.18,"500
",813,463,1.000
40614,2.79,5.43,"500
",815,464,1.000
40615,2.52,6.25,"500
",824,478,1.000
40616,2.53,3.72,"350
",1214,473,1.000
40617,2.51,6.39,"500
",811,460,1.000
40618,2.50,5.14,"500
",804,480,1.000
40619,2.50,2.50,"500
",814,466,0.000
40620,2.48,4.95,"500
",813,476,1.000
40621,2.49,5.03,"500
",804,452,1.000
40622,2.45,4.86,"500
",819,478,1.000
40623,2.45,4.85,"500
",815,484,1.000
40624,2.46,4.99,"500
",814,467,1.000
40625,2.44,4.89,"500
",800,479,1.000
40626,2.45,5.13,"500
",821,476,1.000
40627,2.46,5.03,"500
",810,462,1.000
40628,2.47,4.93,"500
",810,463,1.000
40629,2.48,5.02,"500
",804,452,1.000
40630,2.48,5.13,"500
",812,463,1.000
40631,2.46,5.04,"500
",800,477,1.000
40632,2.47,5.13,"500
",813,465,1.000
40633,2.46,4.47,"500
",815,468,1.000
40634,2.46,4.09,"500
",802,454,1.000
40635,2.44,3.90,"500
",809,459,1.000
40636,2.46,2.46,"350
",1204,366,0.000
40637,2.43,2.94,"350
",1203,364,0.000
40638,2.43,3.14,"350
",1207,378,0.000
40639,2.44,3.49,"350
",1211,382,0.000
40640,2.45,2.97,"350
",1214,474,0.000
40641,2.43,3.74,"500
",816,472,1.000
40642,2.43,3.43,"500
",810,465,1.000
40643,2.42,5.71,"1000
",805,408,1.000
40644,4.15,5.28,"500
",813,466,1.000
40645,2.60,5.52,"500
",817,466,1.000
40646,2.27,3.11,"1000
",,,0.000
40647,2.48,3.91,"1000
",229,229,0.000
40648,2.48,3.61,"1000
",260,260,0.000
40649,2.26,3.98,"1000
",256,256,0.000
40650,2.27,4.37,"1000
",820,464,1.000
40651,2.27,4.29,"1000
",806,478,1.000
40652,2.28,4.56,"1000
",800,472,1.000
40653,3.07,8.48,"1000
",240,240,0.000
40654,2.80,18.70,"1000
",254,254,0.000
40655,2.74,23.60,"1000
",825,519,1.000
40656,2.79,25.50,"1000
",801,526,1.000
40657,2.68,6.75,"1000
",806,524,1.000
40658,2.62,2.62,"1000
",807,527,0.000
40659,2.39,4.09,"1000
",803,526,1.000
40660,2.58,5.70,"1000
",809,500,1.000
40661,2.56,5.39,"1000
",820,515,1.000
40662,2.34,5.16,"1000
",824,519,1.000
40663,2.31,4.70,"1000
",815,508,1.000
40664,2.30,4.74,"1000
",826,523,1.000
40665,2.29,4.57,"1000
",824,521,1.000
40666,2.25,4.33,"1000
",813,503,1.000
40667,2.25,2.97,"1000
",0,0,0.000
40668,2.24,3.06,"1000
",0,0,0.000
40669,2.24,3.03,"1000
",0,0,0.000
40670,2.46,3.22,"1000
",0,0,0.000
40671,2.47,3.26,"1000
",0,0,0.000
40672,2.46,3.22,"1000
",0,0,0.000
40673,2.46,3.13,"1000
",0,0,0.000
40674,2.45,4.29,"1000
",826,470,1.000
40675,3.61,3.99,"1000
",811,451,
40676,3.43,6.21,"1000
",0,0,
40677,3.24,5.97,"1000
",0,0,0.000
40678,3.13,5.94,"1000
",814,464,1.000
40679,2.44,9.40,"1000
",810,569,1.000
40680,4.53,9.13,"1000
",,,0.000
40681,2.37,5.53,"1000
",0,0,0.000
40682,2.31,5.39,"1000
",0,0,0.000
40683,2.31,6.39,"1000
",0,0,0.000
40684,2.31,6.87,"1000
",0,0,0.000
40685,2.31,6.93,"1000
",0,0,0.000
40686,2.31,7.09,"1000
",0,0,0.000
40687,2.30,6.57,"1000
",0,0,0.000
40688,2.27,6.30,"1000
",0,0,0.000
40689,2.24,5.85,"1000
",0,0,0.000
40690,2.20,5.15,"1000
",816,455,1.000
40691,2.25,2.25,"1000
",800,556,0.000
40692,2.21,8.55,"1000
",804,562,1.000
40693,3.47,12.20,"1000
",805,406,0.000
40694,2.96,21.90,"1000
",827,435,0.000
40695,2.85,19.50,"1000
",817,516,0.000
40696,2.54,12.30,"1000
",823,519,1.000
40697,2.52,11.60,"1000
",806,530,1.000
40698,2.44,7.63,"1000
",804,531,1.000
40699,2.36,6.22,"1000
",811,506,1.000
40700,2.34,5.93,"1000
",827,526,1.000
40701,2.32,5.55,"1000
",810,533,1.000
40702,2.31,5.39,"1000
",811,501,1.000
40703,2.55,6.33,"500
",809,450,1.000
40704,2.36,11.50,"500
",723,469,1.000
40705,2.25,13.90,"500
",727,468,1.000
40706,2.21,16.20,"500
",826,470,1.000
40707,2.23,14.30,"1000
",807,527,1.000
40708,2.21,14.00,"1000
",805,523,1.000
40709,2.41,16.30,"1000
",821,508,1.000
40710,2.35,8.00,"1000
",0,0,0.000
40711,2.36,8.97,"1000
",0,0,0.000
40712,2.17,14.00,"500
",0,0,0.000
40713,2.19,15.10,"500
",0,0,0.000
40714,2.32,7.61,"1000
",830,473,1.000
40715,2.16,9.03,"1000
",800,479,1.000
40716,5.92,6.33,"1000
",821,468,1.000
40717,2.69,6.63,"500
",0,0,1.000
40718,2.61,8.43,"500
",820,512,1.000
40719,2.62,11.10,"1000
",812,422,1.000
40720,5.46,5.51,"500
",817,511,1.000
40721,3.74,3.74,"500
",814,502,0.000
40722,3.36,3.45,"500
",823,524,0.000
40723,2.39,13.60,"500
",810,533,1.000
40724,2.35,66.30,"500
",821,521,1.000
40725,2.34,15.10,"500
",815,514,1.000
40726,2.28,6.32,"500
",1212,702,1.000
40727,2.24,5.12,"1000
",1203,728,1.000
40728,2.25,4.83,"1000
",1300,722,1.000
40729,2.25,4.74,"1000
",1303,711,1.000
40730,2.25,4.60,"1000
",1300,706,1.000
40731,2.25,5.72,"1000
",1301,706,1.000
40732,2.24,14.30,"1000
",1306,718,1.000
40733,2.13,16.50,"1000
",1303,703,1.000
40734,2.27,9.03,"1000
",1300,716,1.000
40735,2.23,8.38,"1000
",1300,716,1.000
40736,2.09,9.09,"1000
",1304,722,1.000
40737,2.09,9.57,"1000
",1300,715,1.000
40738,2.25,3.42,"1000
",1304,724,0.000
40739,2.10,5.01,"1000
",1300,726,1.000
40740,2.24,4.63,"1000
",1300,724,1.000
40741,2.07,4.24,"1000
",1300,723,1.000
40742,2.22,4.24,"1000
",1302,703,0.000
40743,2.37,6.89,"1000
",,,0.000
40744,2.33,8.47,"1000
",0,0,0.000
40745,2.24,9.34,"1000
",801,477,1.000
40746,2.08,7.96,"1000
",828,485,1.000
40747,2.27,11.60,"1000
",0,0,0.000
40748,2.13,13.00,"1000
",0,0,0.000
40749,2.08,10.80,"1000
",0,0,0.000
40750,2.23,9.95,"1000
",0,0,0.000
40751,2.06,12.20,"1000
",0,0,0.000
40752,2.07,13.40,"1000
",0,0,0.000
40753,2.07,13.20,"1000
",0,0,0.000
40754,2.56,6.66,"1000
",808,451,0.000
40755,1580.00,1680.00,"1000
",0,0,0.000
40795,2.74,12.10,"1000
",,,0.000
40796,2.60,19.00,"1000
",802,481,1.000
40797,2.58,30.10,"0
",805,453,1.000
40798,2.56,21.80,"0
",920,556,1.000
40799,2.98,9.24,"2500
",912,515,0.000
40800,2.51,14.80,"500
",911,557,1.000
40801,2.40,16.70,"500
",914,580,1.000
40802,3.75,20.60,"0
",917,567,0.000
40803,2.32,9.19,"1000
",811,456,1.000
40804,2.31,16.30,"0
",911,578,1.000
40805,2.26,10.90,"500
",812,529,1.000
40806,2.14,17.30,"0
",609,414,1.000
40807,2.13,17.20,"0
",603,405,1.000
40808,2.15,17.40,"0
",611,416,1.000
40809,2.13,27.50,"1000
",606,411,0.000
40810,2.13,15.20,"0
",605,409,1.000
40811,2.13,12.40,"0
",1018,432,1.000
40812,2.15,26.60,"0
",1207,706,1.000
40813,2.09,22.80,"1000
",1203,724,1.000
40814,2.10,13.10,"0
",1000,627,1.000
40815,2.11,2.11,"0
",616,421,0.000
40816,1.94,8.22,"1000
",822,473,1.000
40817,4.66,7.75,"1000
",808,450,1.000
40818,2.42,16.10,"1000
",822,478,1.000
40819,2.23,6.01,"1000
",808,458,1.000
40820,2.05,12.20,"1000
",609,413,1.000
40821,2.07,25.30,"0
",718,531,1.000
40822,2.06,19.70,"10000
",621,0,0.000
40823,2.08,34.50,"0
",1209,327,0.000
40824,2.07,28.30,"0
",704,704,0.000
40825,2.07,30.90,"0
",1213,520,1.000
40826,2.06,42.30,"0
",615,0,0.000
40827,2.06,48.40,"0
",629,119,0.000
40828,2.05,33.00,"0
",700,356,0.000
40829,2.03,32.40,"0
",1210,422,0.000
40830,2.04,9.54,"0
",807,373,1.000
40831,2.19,28.10,"0
",814,511,1.000
40832,2.21,30.30,"0
",1203,568,1.000
40833,2.05,29.30,"0
",909,525,1.000
40834,2.05,31.40,"0
",1205,615,1.000
40835,2.20,8.79,"0
",700,218,0.000
40836,1.99,7.36,"0
",909,223,0.000
40837,2.02,8.54,"0
",723,302,1.000
40838,2.19,27.70,"0
",1208,714,1.000
40839,2.18,11.80,"0
",1213,701,1.000
40840,2.17,20.90,"0
",1208,726,1.000
40841,2.02,8.56,"14000
",704,320,0.000
40842,2.03,34.10,"0
",1212,727,1.000
40843,2.16,28.50,"0
",1205,670,1.000
40844,2.14,8.12,"7000
",702,317,0.000
40845,2.02,38.90,"0
",1202,714,1.000
40846,1.98,35.10,"0
",1214,663,1.000
40847,1.98,43.10,"0
",1210,720,1.000
40848,1.98,17.20,"0
",702,243,0.000
40849,1.98,19.40,"0
",703,221,0.000
40850,1.98,37.90,"0
",1202,672,1.000
40851,1.97,16.50,"0
",718,287,0.000
40852,1.97,17.70,"0
",713,331,0.000
40853,1.97,7.73,"0
",1212,601,1.000
40854,2.13,38.70,"0
",1214,670,1.000
40855,1.98,7.37,"0
",711,281,1.000
40856,1.99,14.70,"0
",1208,619,1.000
40857,1.97,12.70,"0
",704,364,1.000
40858,1.98,7.29,"0
",1212,669,1.000
40859,1.96,24.60,"0
",1215,605,1.000
40860,1.96,4.01,"0
",729,311,1.000
40861,1.97,31.40,"0
",1205,603,1.000
40862,2.08,22.90,"0
",704,316,0.000
40863,1.96,17.50,"0
",1213,663,1.000
40864,2.11,4.06,"0
",713,282,1.000
40865,1.97,35.50,"0
",1201,627,1.000
40866,1.95,22.90,"0
",711,372,0.000
40867,1.95,7.58,"0
",1211,519,1.000
40868,2.11,3.91,"0
",721,204,0.000
40869,1.97,10.10,"0
",1201,672,1.000
40870,1.95,5.57,"0
",1200,560,1.000
40871,1.94,14.30,"0
",701,433,1.000
40872,1.96,1.96,"0
",719,336,0.000
40873,1.95,24.60,"0
",713,460,0.000
40874,1.95,33.70,"0
",710,455,0.000
40875,2.14,6.29,"1000
",820,479,1.000
40876,2.13,2.13,"0
",722,512,0.000
40877,2.10,2.10,"0
",730,353,0.000
40878,2.08,2.08,"0
",717,509,0.000
40879,2.07,2.07,"0
",703,602,0.000
40880,2.05,3.51,"0
",709,322,1.000
40881,2.07,7.52,"0
",706,317,1.000
40882,2.08,20.40,"0
",1201,521,1.000
40883,2.12,26.30,"0
",1209,579,1.000
40884,2.06,2.05,"0
",1206,573,0.000
40885,2.04,2.04,"0
",1208,500,0.000
40886,2.02,2.02,"0
",703,562,0.000
40887,2.01,2.01,"0
",706,677,0.000
40888,2.00,2.00,"0
",718,718,0.000
40889,2.00,2.00,"0
",1208,573,0.000
40890,1.98,8.51,"0
",705,271,0.000
40891,2.00,2.00,"0
",1201,526,0.000
40892,2.00,4.10,"0
",715,375,1.000
40893,2.02,2.02,"0
",710,453,0.000
40894,2.00,9.84,"0
",1216,479,1.000
40895,2.05,2.05,"0
",718,618,0.000
40896,2.02,2.02,"0
",1212,533,0.000
40897,2.00,2.00,"0
",705,705,0.000
40898,1.98,22.10,"0
",1204,455,1.000
40899,2.02,5.14,"0
",712,280,1.000
40900,2.04,13.60,"0
",1202,404,1.000
40901,2.03,2.04,"0
",712,526,0.000
40902,2.01,25.40,"0
",1212,429,0.000
40903,2.05,2.06,"0
",1214,576,0.000
40904,2.01,42.40,"0
",821,553,0.000
40905,2.02,38.40,"0
",728,680,0.000
40906,2.01,34.90,"0
",1209,422,0.000
40907,2.00,25.30,"0
",1207,457,1.000
40908,2.01,35.70,"0
",1212,419,0.000
40909,1.98,3.02,"0
",702,217,0.000
40910,1.96,26.90,"0
",1208,458,0.000
40911,1.94,25.00,"0
",723,351,0.000
40912,1.95,31.00,"0
",718,718,0.000
40913,1.93,40.90,"0
",1215,428,0.000
40914,2.01,25.90,"0
",702,433,0.000
40915,2.05,34.30,"0
",1208,457,0.000
40916,2.02,35.80,"0
",701,701,0.000
40917,2.01,39.70,"0
",726,726,0.000
40918,2.01,29.90,"0
",1200,516,1.000
40919,2.01,38.50,"0
",1212,472,0.000
40920,1.98,17.30,"0
",706,361,1.000
40921,2.03,31.80,"0
",1201,522,1.000
40922,2.01,7.07,"0
",700,700,0.000
40923,1.96,33.50,"0
",1208,524,1.000
40924,2.14,26.10,"0
",1210,570,1.000
40925,2.09,29.90,"0
",1209,572,1.000
40926,2.09,6.13,"0
",1205,432,1.000
40927,1.97,9.18,"0
",1208,405,1.000
40928,2.01,33.30,"0
",1201,514,0.000
40929,2.05,28.50,"0
",1208,715,1.000
40930,2.10,40.50,"0
",1214,728,1.000
40931,1.95,2.40,"0
",709,275,0.000
40932,1.93,2.48,"0
",718,336,0.000
40933,1.92,2.46,"0
",706,244,0.000
40934,1.92,2.42,"0
",710,277,0.000
40935,1.89,2.87,"0
",718,238,0.000
40936,1.89,3.05,"0
",712,278,0.000
40937,1.90,3.03,"0
",709,323,0.000
40938,5.79,6.55,"1000
",818,466,1.000
40939,2.24,20.80,"0
",607,412,1.000
40940,2.53,2.62,"0
",720,421,0.000
40941,2.27,2.39,"0
",707,402,0.000
40942,2.21,186.00,"0
",731,431,0.000
40943,2.16,24.70,"0
",717,422,1.000
40944,2.14,20.00,"0
",616,425,1.000
40945,2.13,18.20,"0
",703,402,1.000
40946,2.10,16.40,"0
",712,414,1.000
40947,2.10,13.50,"0
",724,429,1.000
40948,2.10,15.20,"0
",701,402,1.000
40949,2.10,16.70,"0
",702,404,1.000
40950,2.10,24.20,"0
",709,410,1.000
40951,2.11,32.00,"0
",729,404,0.000
40952,2.09,32.40,"0
",710,413,0.000
40953,2.07,23.10,"0
",718,423,1.000
40954,2.06,13.30,"0
",729,430,1.000
40955,2.04,10.50,"0
",706,407,1.000
40956,2.05,7.64,"0
",704,269,0.000
40957,2.07,13.40,"0
",715,424,1.000
40958,2.05,12.80,"0
",720,425,1.000
40959,2.07,17.30,"0
",719,430,1.000
40960,2.01,9.84,"0
",706,271,0.000
40961,2.04,16.50,"0
",731,432,1.000
40962,2.72,9.02,"1000
",812,453,0.000
40963,2.47,16.90,"1000
",810,457,0.000
40964,4.67,47.10,"1000
",811,411,1.000
40965,2.31,21.20,"1000
",817,422,1.000
40966,2.07,14.50,"1000
",820,425,1.000
40967,2.02,6.18,"1000
",0,0,0.000
40968,2.02,6.24,"1000
",823,472,1.000
40969,1.99,5.93,"1000
",817,464,1.000
40970,1.98,5.78,"1000
",815,453,1.000
40972,3.19,3.18,"1000
",222,222,0.000
40973,2.68,5.84,"1000
",824,474,0.000
40974,2.68,8.60,"1000
",1015,554,1.000
40975,2.38,10.50,"1000
",1005,574,1.000
40976,16.80,18.50,"1000
",,,0.000
40977,2.34,5.13,"1000
",0,0,0.000
40978,2.16,4.64,"1000
",0,0,0.000
40979,2.12,5.07,"1000
",0,0,0.000
40983,2.11,5.92,"1000
",0,0,0.000
40984,2.10,6.31,"1000
",221,221,0.000
40985,2.10,6.70,"1000
",828,477,0.000
40986,2.80,6.59,"1000
",814,481,1.000
40987,2.29,5.87,"1000
",802,482,1.000
40988,2.29,11.50,"1000
",804,405,1.000
40989,2.05,6.21,"1000
",1307,706,1.000
40990,2.03,6.47,"1000
",1305,715,1.000
40991,2.05,6.76,"1000
",1300,717,1.000
40992,2.04,7.08,"1000
",801,405,1.000
40993,2.02,6.96,"1000
",1301,711,1.000
40994,1.98,7.10,"1000
",1300,723,1.000
40995,1.98,7.44,"1000
",1307,727,1.000
40996,1.98,6.34,"1000
",806,716,1.000
40997,1.98,5.48,"1000
",801,709,1.000
40998,1.97,1.97,"1000
",1302,716,0.000
40999,1.95,1.95,"1000
",1302,713,0.000
41000,2.09,5.15,"1000
",1010,717,1.000
41001,1.97,5.65,"1000
",1014,727,1.000
41002,1.96,5.94,"1000
",630,526,1.000
41003,2.62,3.22,"1000
",257,257,0.000
41004,2.52,5.24,"1000
",500,421,1.000
41005,2.50,5.65,"1000
",802,560,1.000
41006,2.45,6.15,"1000
",1020,707,1.000
41007,1.99,5.99,"1000
",801,482,1.000
41008,1.96,8.97,"1000
",0,0,0.000
41009,1.96,14.90,"1000
",0,0,0.000
41010,1.97,15.80,"1000
",0,0,0.000
41011,1.97,16.90,"1000
",0,0,0.000
41012,1.94,15.60,"1000
",811,454,1.000
41013,1.93,17.80,"1000
",815,467,1.000
41016,11.90,7.41,"1000
",224,224,0.000
41017,2.06,11.80,"1000
",220,220,0.000
41018,1.91,17.90,"1000
",256,256,0.000
41019,1.92,20.50,"1000
",257,257,0.000
41020,1.94,20.20,"1000
",0,0,0.000
41021,5.29,32.10,"1000
",822,556,1.000
41022,2.37,28.40,"1000
",804,584,1.000
41023,222000.00,223000.00,"1000
",,,0.000
41024,224000.00,226000.00,"1000
",0,0,0.000
41044,234000.00,234000.00,"1000
",0,0,0.000
41045,262000.00,262000.00,"1000
",,,0.000
41050,274000.00,274000.00,"1000
",0,0,0.000
41051,276000.00,276000.00,"1000
",0,0,0.000
41052,276000.00,276000.00,"1000
",0,0,0.000
41053,277000.00,277000.00,"1000
",0,0,0.000
41054,430000.00,430000.00,"1000
",,,0.000
41055,2.14,11.40,"1000
",220,220,
41056,2.13,11.40,"1000
",231,231,
41057,2.12,11.60,"1000
",249,249,
41058,2.11,12.40,"1000
",801,523,
41059,2.05,12.90,"1000
",800,520,
41060,1.94,6.85,"1000
",,,0.000
41061,1.94,9.65,"1000
",,,0.000
41062,1.94,9.57,"1000
",,,0.000
41063,1.93,1.93,"1000
",246,246,
41118,1.91,6.02,"1000
",0,0,0.000
41119,1.90,6.74,"1000
",0,0,0.000
41120,1.90,7.21,"1000
",0,0,0.000
41121,1.90,7.97,"1000
",0,0,0.000
41122,1.90,11.60,"1000
",250,250,1.000
41123,1.88,12.20,"1000
",807,533,1.000
41124,2.10,26.70,"1000
",828,516,1.000
41125,5.47,32.70,"1000
",802,523,1.000
41126,3.60,21.80,"1000
",806,526,1.000
41127,2.10,29.10,"1000
",810,524,1.000
41128,2.65,4.78,"1000
",,,0.000
41129,2.62,7.71,"1000
",244,244,1.000
41130,2.51,7.96,"1000
",255,255,0.000
41131,2.25,10.70,"1000
",822,518,0.000
41132,4.00,9.39,"1000
",816,504,0.000
41133,2.80,8.57,"1000
",822,508,0.000
41134,2.31,8.43,"1000
",823,511,1.000
41135,2.17,7.02,"1000
",0,0,0.000
41136,2.19,6.10,"1000
",0,0,0.000
41138,214000.00,214000.00,"1000
",,,0.000
41139,215000.00,216000.00,"1000
",0,0,0.000
41140,216000.00,218000.00,"1000
",0,0,0.000
41141,217000.00,218000.00,"1000
",0,0,0.000
41142,221000.00,221000.00,"1000
",0,0,0.000
41143,222000.00,222000.00,"1000
",0,0,0.000
41144,416000.00,416000.00,"1000
",,,0.000
41145,2.39,4.59,"1000
",0,0,0.000
41146,2.37,6.14,"1000
",248,248,0.000
41147,2.34,6.90,"1000
",817,531,0.000
41148,2.21,6.51,"1000
",263,263,0.000
41149,2.15,5.12,"1000
",0,0,0.000
41150,2.10,4.86,"1000
",0,0,0.000
41151,2.05,4.73,"1000
",0,0,0.000
41152,2.04,4.88,"1000
",0,0,0.000
41153,1.99,4.42,"1000
",0,0,0.000
41154,1.98,4.50,"1000
",0,0,0.000
41155,1.97,4.76,"1000
",0,0,0.000
41156,1.96,5.81,"1000
",0,0,0.000
41157,1.96,6.05,"1000
",253,253,0.000
41158,2.73,5.35,"1000
",,,0.000
41159,2.27,4.99,"1000
",0,0,0.000
41160,2.20,4.81,"1000
",0,0,0.000
41161,1.99,4.56,"1000
",0,0,0.000
41163,1.96,4.58,"1000
",0,0,0.000
41164,1.93,4.48,"1000
",0,0,0.000
41165,1.90,4.46,"1000
",0,0,0.000
41166,1.88,5.04,"1000
",0,0,0.000
41167,1.86,4.83,"1000
",0,0,0.000
41168,1.95,4.55,"1000
",0,0,0.000
41169,1.82,5.48,"1000
",826,517,0.000
41170,1.83,5.74,"1000
",829,523,0.000
41171,1.92,5.71,"1000
",812,530,0.000
41172,1.83,6.00,"1000
",0,0,0.000
41173,1.80,6.17,"1000
",817,505,1.000
41174,1.83,6.51,"1000
",831,522,1.000
41175,22800.00,24500.00,"1000
",,,0.000
41176,25800.00,27600.00,"1000
",0,0,0.000
41177,3.08,10.50,"1000
",803,525,0.000
41178,2.58,11.20,"1000
",805,527,1.000
41179,2.09,2.07,"1000
",827,519,0.000
41180,2.03,9.37,"1000
",819,507,1.000
41181,2.01,9.74,"1000
",801,524,1.000
41182,1.79,4.91,"1000
",0,0,0.000
41183,27400.00,2490.00,"1000
",,,0.000
41184,2.18,3.60,"1000
",804,525,0.000
41185,1.81,3.85,"1000
",820,511,1.000
41186,1.79,17.10,"1000
",0,0,0.000
41187,1.80,20.70,"1000
",0,0,0.000
41188,1.81,23.40,"1000
",0,0,0.000
41189,1.83,25.80,"1000
",0,0,0.000
41190,1.85,28.50,"1000
",0,0,0.000
41193,1.84,17.40,"1000
",817,506,0.000
41194,1.79,27.90,"1000
",0,0,0.000
41195,1.82,30.50,"1000
",0,0,0.000
41196,1.80,33.30,"1000
",0,0,0.000
41198,,19.50,"1000
",812,501,1.000
41199,1.78,15.80,"1000
",922,608,1.000
41200,2.31,7.00,"1000
",,,0.000
41201,2.15,7.12,"1000
",0,0,0.000
41202,2.08,8.08,"1000
",0,0,0.000
41203,2.04,8.37,"1000
",0,0,0.000
41204,2.00,8.92,"1000
",0,0,0.000
41205,1880.00,1930.00,"
",,,
41206,4990.00,5030.00,"
",0,0,
41208,11500.00,11500.00,"
",0,0,
41209,11900.00,11900.00,"
",0,0,
41210,12400.00,12500.00,"
",0,0,
41220,18300.00,18400.00,"
",0,0,
41221,19100.00,19100.00,"
",0,0,
41222,2.13,2.13,"
",,,
41223,2.01,2.01,"
",0,0,
41225,1.72,1.72,"
",,,
41226,1.71,1.71,"
",0,0,
41227,1.71,1.71,"
",0,0,
41228,1.70,1.70,"
",0,0,
41229,1.70,1.70,"
",0,0,
41230,1.70,1.70,"0
",233,233,0.000
41231,1.70,1.70,"1000
",823,504,0.000
41232,1.70,4.19,"1000
",819,530,0.000
41233,1.70,5.22,"1000
",807,523,0.000
41234,4.73,4.18,"0
",243,243,0.000
41235,3.02,7.64,"1000
",816,500,0.000
41236,2.79,2.76,"
",0,0,
41237,1.93,10.10,"1000
",806,527,0.000
41238,11.60,8.34,"0
",,,0.000
41239,3.04,6.38,"1000
",803,525,0.000
41240,2.23,5.53,"1000
",815,532,0.000
41241,2.12,7.07,"1000
",1001,518,0.000
41242,2.09,9.69,"1000
",1019,513,0.000
41243,3.63,3.30,"
",,,
41244,1.94,7.36,"1000
",823,506,1.000
41245,1.77,1.77,"0
",226,226,0.000
41253,1.76,1.76,"0
",0,0,0.000
41254,1.76,1.76,"0
",261,261,0.000
41255,1.75,1.75,"0
",233,233,0.000
41256,1.75,1.74,"0
",225,225,0.000
41257,1.74,5.54,"1000
",801,517,1.000
41258,1.87,5.58,"1000
",827,511,1.000
41259,1.74,5.56,"1000
",825,507,1.000
41260,1.74,6.44,"1000
",821,531,1.000
41261,1.73,5.85,"1000
",800,522,0.000
41262,1.74,8.25,"1000
",802,523,1.000
41263,1.79,23.70,"1000
",803,522,0.000
41264,1.80,1.79,"0
",223,223,0.000
41265,1.77,20.60,"1000
",800,519,1.000
41266,2.22,5.28,"1000
",823,519,0.000
41267,2.10,27.50,"0
",813,514,1.000
41268,1.83,19.90,"1000
",900,529,1.000
41269,1.81,11.40,"600
",1210,719,1.000
41270,1.85,12.70,"4200
",1200,371,0.000
41271,1.88,13.90,"4200
",1206,385,0.000
41272,1.90,15.60,"19000
",1212,724,0.000
41273,1.90,17.10,"0
",1204,618,1.000
41274,1.91,41.70,"1500
",1012,568,1.000
41275,1.94,18.00,"1000
",1211,712,1.000
41276,1.92,16.20,"5000
",1213,709,0.000
41277,1.92,20.30,"1000
",1101,580,1.000
41278,1.92,39.10,"1000
",1200,715,1.000
41279,1.94,23.50,"1000
",751,653,1.000
41280,1.92,15.30,"1000
",1012,708,1.000
41281,1.90,11.90,"800
",1205,654,1.000
41282,1.96,18.50,"3000
",1209,682,0.000
41283,1.83,25.00,"1000
",1209,711,1.000
41284,1.88,15.30,"2100
",1158,657,1.000
41285,1.88,9.42,"0
",1212,653,1.000
41286,1.87,17.10,"1100
",611,381,1.000
41287,1.88,12.40,"1000
",1207,604,1.000
41288,1.88,12.30,"2200
",1114,619,0.000
41289,1.88,13.90,"0
",1203,458,1.000
41290,1.88,4.95,"500
",1205,721,1.000
41291,1.85,14.40,"2200
",1213,416,0.000
41292,1.87,17.10,"500
",1211,710,1.000
41293,1.87,14.70,"1000
",812,479,1.000
41294,1.87,21.30,"1000
",612,573,1.000
41295,1.87,12.00,"0
",1211,571,1.000
41296,1.86,14.20,"600
",1209,410,0.000
41297,1.87,14.00,"400
",623,711,1.000
41298,1.86,16.00,"800
",824,450,1.000
41299,1.86,13.80,"400
",1204,724,1.000
41300,1.86,13.30,"0
",620,384,1.000
41301,1.85,19.50,"1000
",700,626,1.000
41302,1.85,17.90,"1000
",1000,424,0.000
41303,1.85,13.30,"1500
",1206,510,0.000
41304,6.77,4.87,"0
",,,0.000
41305,2.57,3.23,"0
",250,250,0.000
41306,1.93,2.95,"0
",252,252,0.000
41307,1.90,3.08,"500
",221,221,0.000
41308,1.85,1.85,"0
",0,0,0.000
41309,1.84,1.84,"0
",0,0,0.000
41310,1.81,1.81,"0
",0,0,0.000
41311,1.78,1.78,"0
",0,0,0.000
41312,1.78,1.78,"0
",0,0,0.000
41313,1.78,1.78,"0
",0,0,0.000
41314,1.78,1.78,"0
",0,0,0.000
41315,1.77,1.77,"0
",0,0,0.000
41316,1.77,1.77,"0
",0,0,0.000
41317,1.76,1.76,"0
",0,0,0.000
41319,1.75,1.75,"0
",0,0,0.000
41320,1.75,1.74,"0
",0,0,0.000
41321,1.73,1.73,"0
",0,0,0.000
41322,1.73,1.73,"0
",0,0,0.000
41323,1.72,1.72,"0
",0,0,0.000
41324,1.72,1.72,"1
",0,0,
41325,1.72,1.72,"1
",0,0,
41326,1.71,1.71,"1
",0,0,
41327,1.71,2.51,"0
",238,238,0.000
41328,1.68,1.68,"0
",0,0,0.000
41329,1.68,1.68,"0
",0,0,0.000
41330,2.55,5.64,"0
",251,251,
41331,2.03,8.63,"1000
",831,514,0.000
41332,2.04,7.90,"0
",248,248,0.000
41333,1.96,12.70,"1000
",824,511,1.000
41334,1.91,14.30,"1000
",801,476,1.000
41335,1.86,16.50,"1000
",1117,574,1.000
41336,1.87,18.70,"1000
",1108,552,1.000
41337,1.89,21.30,"1000
",1110,864,1.000
41338,1.75,22.70,"1000
",803,520,
41339,1.74,20.30,"1000
",817,527,
41340,1.73,19.50,"1000
",812,528,
41341,1.77,20.80,"1000
",825,507,1.000
41342,1.84,15.70,"1000
",827,509,1.000
41343,1.71,16.80,"1000
",817,528,1.000
41344,2.20,5.75,"1000
",826,521,1.000
41345,1.97,7.74,"1000
",801,520,1.000
41346,2.17,9.32,"1000
",813,527,1.000
41347,1.78,9.00,"1000
",818,504,1.000
41369,1.69,3.91,"0
",224,224,0.000
41370,1.69,5.35,"1000
",825,515,0.000
41371,6.86,9.21,"0
",247,247,0.000
41372,1.84,4.62,"0
",243,243,0.000
41373,1.90,4.88,"0
",243,243,0.000
41374,1.73,4.22,"0
",252,252,0.000
41375,1.71,1.71,"0
",249,249,0.000
41376,1.68,1.68,"1000
",828,513,0.000
41377,1.68,5.54,"1000
",823,504,0.000
41378,1.69,11.20,"1000
",910,617,1.000
41379,1.72,11.60,"1000
",901,602,1.000
41380,5.01,6.48,"0
",245,245,0.000
41381,3.74,7.08,"1000
",827,517,1.000
41382,2.09,12.10,"1000
",813,504,1.000
41383,7.94,6.76,"0
",245,245,0.000
41384,2.27,3.28,"0
",243,243,0.000
41385,1.85,3.70,"1000
",805,526,0.000
41387,2.21,7.98,"1000
",814,526,0.000
41388,2.14,13.40,"1000
",814,525,0.000
41389,1.80,13.30,"1000
",800,534,
41390,1.95,15.30,"1000
",819,501,1.000
41391,1.83,17.20,"1000
",822,501,1.000
41392,1.86,21.40,"1000
",821,502,1.000
41393,1.67,14.50,"1000
",1005,718,1.000
41394,2.02,13.80,"1000
",1000,723,1.000
41396,1.86,10.40,"1000
",1000,721,1.000
41397,1.76,7.04,"1000
",1011,715,1.000
41398,1.75,10.90,"500
",818,461,1.000
41399,1.84,7.85,"500
",828,466,1.000
41400,1.71,6.50,"500
",816,458,1.000
41401,1.71,4.92,"500
",828,468,1.000
41402,1.70,4.55,"500
",1213,484,0.000
41403,1.70,5.15,"500
",1212,501,0.000
41404,1.71,5.87,"500
",1210,576,1.000
41405,1.70,5.86,"500
",820,574,1.000
41406,1.69,5.86,"0
",1001,704,1.000
41407,1.68,5.89,"0
",1014,717,1.000
41408,1.69,,"0
",1005,712,1.000
41409,1.69,6.34,"0
",1005,713,1.000
41410,1.70,6.48,"0
",1008,718,1.000
41411,1.71,6.87,"0
",1006,713,1.000
41412,1.68,6.99,"0
",1006,713,1.000
41413,1.69,7.43,"0
",1017,700,1.000
41414,1.71,7.81,"0
",1014,721,1.000
41415,1.69,7.67,"0
",1005,713,1.000
41416,1.70,8.82,"0
",234,234,0.000
41417,1.71,8.20,"0
",1015,722,1.000
41418,1.68,7.99,"0
",1006,712,1.000
41419,1.68,8.01,"0
",1005,710,1.000
41420,1.69,7.88,"0
",1019,726,1.000
41421,1.68,7.67,"0
",1003,709,1.000
41423,1.71,8.85,"0
",237,237,
41425,1.39,2.55,"0
",251,251,0.000
41426,1.43,2.77,"0
",248,248,0.000
41427,1.43,2.76,"0
",254,254,0.000
41428,1.43,2.71,"0
",236,236,0.000
41429,1.38,2.63,"0
",257,257,0.000
41430,1.37,2.65,"0
",259,259,0.000
41431,1.36,3.56,"1000
",815,527,0.000
41432,1.36,4.78,"1000
",801,516,1.000
41433,3.35,9.06,"1000
",823,510,0.000
41434,1.95,11.50,"1000
",827,514,0.000
41435,1.77,13.10,"1000
",806,526,0.000
41436,1.78,15.20,"1000
",814,533,1.000
41437,1.52,20.00,"1000
",805,524,0.000
41438,1.14,17.90,"1000
",824,510,1.000
41439,1.12,18.80,"1000
",828,513,0.000
41440,1.11,19.40,"1000
",243,243,0.000
41441,1.10,21.00,"1000
",251,251,1.000
41442,1.07,1.07,"1000
",817,504,0.000
41443,1.06,1.06,"1000
",814,525,0.000
41444,1.06,15.30,"1000
",815,531,0.000
41445,1.05,15.30,"1000
",802,523,0.000
41446,1.02,14.70,"1000
",816,528,0.000
41448,1.00,14.20,"1000
",814,526,0.000
41450,1.52,15.70,"1000
",816,526,1.000
41452,1.05,16.40,"1000
",809,526,0.000
41454,1.62,6.01,"1000
",810,527,0.000
41455,1.50,7.82,"1000
",806,526,1.000
41456,1.39,9.18,"1000
",811,511,1.000
41457,1.10,8.30,"1000
",819,515,1.000
41458,0.96,4.53,"0
",228,228,0.000
41459,0.95,7.56,"1000
",825,524,1.000
41460,0.91,7.55,"1000
",814,514,0.000
41461,0.85,6.76,"1000
",816,505,0.000
41462,0.85,6.69,"1000
",801,523,0.000
41463,1.26,7.28,"1000
",829,519,1.000
41464,1.00,0.99,"1000
",813,500,0.000
41465,0.95,6.79,"1000
",801,525,1.000
41466,0.90,6.84,"1000
",816,509,1.000
41467,0.89,7.21,"1000
",810,527,1.000
41468,0.87,7.39,"1000
",818,507,1.000
41469,0.87,7.80,"1000
",822,509,1.000
41470,0.85,7.81,"1000
",827,517,1.000
41471,0.86,7.99,"1000
",814,531,1.000
41472,0.85,6.09,"1000
",815,531,1.000
41473,0.85,5.89,"1000
",811,526,1.000
41474,0.85,5.58,"1000
",816,530,1.000
41475,0.84,5.04,"1000
",807,527,1.000
41476,0.84,0.84,"1000
",824,515,0.000
41477,9.68,7.03,"0
",244,244,0.000
41478,3.48,4.14,"0
",243,243,0.000
41479,1.73,2.68,"0
",233,233,0.000
41480,1.56,2.63,"0
",228,228,0.000
41481,1.46,2.65,"0
",250,250,0.000
41482,1.24,2.33,"0
",258,258,0.000
41483,1.15,2.19,"0
",255,255,0.000
41484,1.13,2.22,"0
",260,260,0.000
41485,1.10,2.15,"0
",255,255,0.000
41486,1.06,2.05,"0
",238,238,0.000
41487,1.02,1.97,"0
",259,259,0.000
41488,1.00,1.92,"0
",231,231,0.000
41489,0.99,1.93,"0
",257,257,0.000
41490,3.67,3.86,"1000
",821,504,0.000
41491,1.12,2.73,"0
",263,263,0.000
41492,1.06,4.88,"1000
",800,516,0.000
41493,1.02,7.58,"1000
",924,522,0.000
41494,1.59,9.94,"1000
",816,503,0.000
41495,1.38,7.65,"1000
",800,523,0.000
41496,1.74,5.33,"1000
",820,519,0.000
41497,0.95,6.52,"1000
",831,520,1.000
41498,0.89,14.60,"1000
",822,510,1.000
41499,0.88,16.80,"1000
",803,521,1.000
41500,0.88,18.80,"1000
",817,504,1.000
41501,0.85,12.30,"1000
",803,521,1.000
41502,0.85,0.85,"1000
",824,507,0.000
41503,0.85,12.90,"1000
",814,525,1.000
41504,0.85,12.70,"0
",231,231,0.000
41505,0.99,7.32,"1000
",827,510,1.000
41506,0.80,20.60,"1000
",823,516,1.000
41507,0.79,29.20,"2000
",690,420,0.000
41508,0.79,20.60,"2000
",694,429,0.000
41509,0.79,13.20,"2000
",872,455,0.000
41510,0.79,13.60,"1000
",830,521,1.000
41511,0.80,14.50,"1000
",834,522,1.000
41512,0.80,15.40,"1000
",888,520,1.000
41513,0.79,16.60,"1200
",881,506,1.000
41514,0.79,21.00,"1000
",948,525,1.000
41515,0.79,23.10,"1000
",992,515,1.000
41516,0.79,15.20,"1000
",801,526,1.000
41517,1.31,10.50,"1000
",803,525,1.000
41518,0.80,8.05,"1000
",828,513,1.000
41519,0.80,7.91,"1000
",830,514,1.000
41520,0.81,8.48,"1000
",804,521,1.000
41521,0.81,8.80,"1000
",800,516,1.000
41522,0.81,0.81,"1000
",829,515,0.000
41523,0.81,9.15,"1000
",817,532,1.000
41524,0.81,9.79,"1000
",915,514,1.000
41525,3.81,6.76,"0
",262,262,0.000
41530,0.88,7.39,"0
",252,252,0.000
41532,0.87,0.88,"0
",246,246,0.000
41533,0.87,0.87,"0
",235,235,0.000
41534,0.85,11.70,"1000
",823,506,0.000
41535,0.83,0.83,"1000
",809,523,0.000
41536,0.83,12.10,"1000
",822,502,1.000
41537,0.83,8.52,"0
",232,232,0.000
41538,0.82,0.82,"1000
",809,525,0.000
41539,0.81,12.80,"1000
",807,521,1.000
41540,0.82,16.30,"1000
",800,514,1.000
41541,0.82,17.80,"1000
",814,527,1.000
41542,1.95,5.42,"1000
",830,523,0.000
41543,1.01,4.74,"1000
",822,515,1.000
41544,0.91,4.85,"1000
",823,516,0.000
41545,0.89,6.63,"1000
",815,503,0.000
41546,0.88,7.46,"1000
",821,513,1.000
41547,0.86,0.82,"1000
",821,513,1.000
41548,0.82,22.90,"1000
",,,0.000
41549,0.82,14.00,"1000
",820,509,1.000
41550,0.81,20.40,"1000
",818,510,1.000
41551,0.80,14.10,"0
",829,521,1.000
41552,0.80,15.30,"2000
",823,517,1.000
41553,0.80,16.20,"1000
",814,501,1.000
41554,0.79,16.70,"1000
",814,500,1.000
41555,0.79,16.70,"1500
",823,514,1.000
41556,0.79,17.60,"1500
",975,522,1.000
41557,0.78,16.10,"1000
",819,511,1.000
41558,0.78,14.60,"1000
",806,527,1.000
41559,0.78,9.25,"1000
",821,511,1.000
41560,0.77,0.77,"1000
",819,509,0.000
41561,0.77,0.77,"1000
",826,520,0.000
41562,0.77,10.00,"1000
",815,502,1.000
41563,0.76,6.82,"1000
",828,521,1.000
41564,0.77,7.18,"1000
",809,527,1.000
41565,0.77,7.50,"1000
",802,525,1.000
41566,0.76,7.29,"1000
",812,531,1.000
41568,0.76,7.78,"1000
",822,514,
41569,0.76,8.04,"1000
",809,527,1.000
41570,0.76,8.23,"1000
",819,506,1.000
41571,0.76,8.30,"1000
",803,525,1.000
41572,0.76,8.73,"1000
",816,533,1.000
41573,0.76,9.05,"1000
",828,518,1.000
41574,0.76,9.03,"1000
",814,530,0.000
41575,0.76,9.29,"1000
",814,531,1.000
41576,0.75,11.80,"1000
",812,529,0.000
41577,0.76,9.45,"1000
",812,529,0.000
41578,0.75,12.10,"1000
",805,525,0.000
41579,0.75,11.60,"1000
",805,526,1.000
41580,1.03,1.11,"1000
",823,507,0.000
41581,1.01,292.00,"1000
",826,511,0.000
41582,11.40,12.90,"1000
",825,509,1.000
41583,0.94,9.26,"1000
",807,524,1.000
41584,0.89,67.80,"1000
",822,505,1.000
41585,0.88,7.54,"1000
",802,518,1.000
41586,1.25,40.90,"0
",244,244,0.000
41587,0.94,16.40,"1000
",825,516,1.000
41588,0.92,16.90,"1000
",823,515,1.000
41589,0.90,17.80,"1000
",829,521,0.000
41590,0.88,18.30,"1000
",821,510,1.000
41591,0.86,18.30,"1000
",816,504,1.000
41592,0.85,0.85,"1000
",808,527,0.000
41593,0.85,17.20,"1000
",820,508,1.000
41594,0.84,17.90,"1000
",826,518,0.000
41595,0.84,18.30,"1000
",822,515,1.000
41596,0.83,17.90,"1000
",821,506,0.000
41597,0.82,17.70,"1000
",801,522,0.000
41598,2.33,43.60,"1000
",814,528,0.000
41599,1.47,9.96,"1000
",801,520,1.000
41600,0.91,11.20,"1000
",811,501,1.000
41601,7.29,54.40,"0
",248,248,0.000
41602,7.24,22.80,"1000
",823,512,0.000
41603,7.16,23.40,"1000
",822,512,0.000
41606,4.24,8.35,"1000
",823,517,0.000
41607,4.08,5.93,"1000
",870,507,1.000
41608,3.96,5.11,"1000
",765,521,1.000
41609,3.89,4.63,"1200
",754,507,1.000
41610,3.84,4.33,"1400
",761,518,0.000
41611,3.80,4.12,"1000
",815,512,0.000
41612,3.74,149.00,"1000
",801,527,0.000
41613,3.71,79.20,"1000
",816,512,0.000
41614,3.69,29.50,"1000
",827,525,1.000
41615,3.69,13.50,"1000
",814,508,1.000
41616,3.67,11.20,"1000
",950,523,1.000
41617,3.86,9.54,"1000
",909,523,1.000
41618,3.65,9.98,"1000
",1005,513,1.000
41619,3.51,78.80,"1000
",801,523,0.000
41620,3.46,17.20,"1000
",823,512,1.000
41621,3.22,7.28,"1000
",823,431,1.000
41622,3.20,6.96,"1000
",806,404,0.000
41623,3.16,10.00,"1000
",824,424,0.000
41624,3.14,3.13,"1000
",830,431,0.000
41625,3.12,11.20,"1000
",812,410,1.000
41626,3.12,12.00,"1000
",915,428,0.000
41627,3.11,12.60,"1000
",1020,422,0.000
41628,3.09,13.10,"1000
",721,434,1.000
41629,3.09,13.80,"1000
",613,414,1.000
41630,3.08,14.10,"1000
",530,408,1.000
41631,4.71,39.40,"0
",245,245,0.000
41632,4.11,15.80,"1000
",819,508,1.000
41633,3.65,16.60,"1000
",824,512,1.000
41634,2.95,2.91,"1000
",812,529,0.000
41635,2.80,2.78,"1000
",814,531,0.000
41636,2.55,18.40,"2000
",826,519,1.000
41637,2.44,25.70,"1500
",801,524,0.000
41638,2.37,29.40,"1500
",953,604,1.000
41639,2.33,26.70,"3000
",824,517,0.000
41640,2.39,18.30,"3000
",821,701,1.000
41641,2.24,24.80,"1500
",975,560,1.000
41642,2.19,26.90,"1500
",812,527,1.000
41643,2.17,23.60,"3000
",805,606,1.000
41644,2.12,28.30,"1500
",967,518,0.000
41645,2.10,22.30,"3000
",811,575,1.000
41646,2.04,24.60,"1500
",816,505,1.000
41647,2.03,20.20,"1000
",813,335,0.000
41648,2.00,20.00,"1000
",818,203,0.000
41651,1.91,3.23,"0
",230,230,0.000
41652,1.89,14.90,"1000
",807,520,0.000
41653,1.89,17.60,"1000
",809,524,1.000
41654,1.84,4.81,"1000
",807,521,0.000
41655,1.83,18.70,"1000
",821,503,1.000
41656,1.64,2.56,"0
",250,250,0.000
41657,1.62,5.38,"1000
",805,520,0.000
41658,1.61,16.90,"1000
",828,510,0.000
41659,1.60,15.40,"1000
",820,530,1.000
41660,1.59,3.62,"0
",243,243,0.000
41661,1.59,3.64,"0
",229,229,0.000
41662,1.59,3.58,"0
",255,255,0.000
41663,1.57,3.40,"0
",261,261,0.000
41664,1.55,3.28,"0
",261,261,0.000
41665,1.55,3.27,"0
",259,259,0.000
41666,1.72,1.72,"
",,,
41667,1.70,3.93,"1000
",816,502,0.000
41668,1.69,16.50,"1000
",812,529,0.000
41669,1.44,18.60,"1000
",805,525,0.000
41670,1.53,19.20,"1000
",828,524,1.000
41671,1.51,14.50,"1000
",824,520,1.000
41672,1.45,4.57,"1000
",815,508,0.000
41673,1.44,19.80,"1000
",826,520,1.000
41674,1.44,13.90,"0
",259,259,0.000
41675,1.43,14.30,"0
",248,248,0.000
41676,1.42,21.70,"1000
",817,530,1.000
41677,1.42,23.60,"1000
",808,528,1.000
41678,1.42,26.10,"1000
",814,506,1.000
41679,1.42,23.70,"1000
",824,520,1.000
41680,1.41,19.40,"1000
",816,509,1.000
41681,1.41,19.90,"1000
",817,514,1.000
41682,1.40,18.90,"1000
",811,531,1.000
41683,1.41,19.70,"1000
",813,507,1.000
41684,1.41,20.70,"1000
",829,524,1.000
41685,6.34,16.30,"1000
",816,526,0.000
41686,2.30,15.50,"1000
",820,503,1.000
41687,2.87,5.37,"0
",227,227,0.000
41688,2.58,5.07,"0
",223,223,0.000
41689,2.35,4.77,"0
",225,225,0.000
41690,2.20,4.55,"0
",233,233,0.000
41691,2.12,4.48,"0
",221,221,0.000
41692,1.79,3.91,"0
",239,239,0.000
41693,1.77,4.08,"0
",245,245,0.000
41694,1.61,3.95,"0
",259,259,0.000
41695,1.59,22.40,"1000
",819,504,0.000
41696,1.53,19.30,"0
",1108,517,0.000
41697,1.51,18.00,"0
",1117,371,0.000
41698,1.50,22.90,"0
",1107,429,0.000
41699,1.48,17.90,"0
",1121,456,0.000
41700,1.47,17.80,"0
",1110,525,0.000
41701,1.49,18.20,"0
",1114,568,0.000
41702,1.51,17.60,"0
",1114,627,0.000
41703,1.44,21.70,"0
",1101,660,1.000
41704,1.49,18.50,"0
",1106,705,1.000
41705,1.48,13.50,"0
",1102,722,1.000
41706,10.00,44.40,"1000
",802,523,0.000
41707,6.68,16.40,"1000
",820,529,1.000
41708,4.62,22.50,"1000
",811,530,0.000
41709,3.19,9.57,"1000
",718,534,1.000
41710,2.60,10.30,"2000
",814,336,0.000
41711,2.51,21.60,"2000
",827,306,0.000
41712,2.01,11.10,"1000
",706,525,1.000
41714,1.77,23.00,"0
",258,258,0.000
41715,1.73,14.90,"2000
",809,406,1.000
41716,1.67,16.50,"2000
",801,523,0.000
41717,1.63,36.70,"2000
",806,482,0.000
41718,1.44,7.91,"0
",251,251,0.000
41719,1.36,11.30,"0
",231,231,0.000
41720,1.39,11.10,"0
",256,256,0.000
41721,1.38,11.70,"0
",802,536,0.000
41722,1.34,12.60,"0
",818,500,1.000
41723,1.39,13.40,"0
",820,502,1.000
41724,1.35,14.20,"0
",801,516,1.000
41725,1.35,15.40,"0
",806,523,1.000
41726,5.30,40.00,"1000
",806,526,0.000
41727,3.36,34.00,"1000
",817,528,0.000
41728,1.94,27.20,"0
",803,519,0.000
41729,3.30,32.90,"0
",807,521,1.000
41730,2.76,13.30,"1000
",828,520,0.000
41731,2.34,13.30,"1000
",819,509,0.000
41732,1.59,12.30,"1000
",818,509,1.000
41733,1.33,24.00,"1000
",827,522,1.000
41734,2.95,21.70,"1000
",806,527,1.000
41735,2.48,26.00,"2000
",802,523,0.000
41736,1.56,9.58,"1500
",817,618,1.000
41737,1.52,16.30,"1000
",813,503,1.000
41738,1.53,9.53,"1000
",722,505,1.000
41739,1.51,26.40,"1500
",825,623,1.000
41740,1.47,20.50,"1000
",815,533,1.000
41741,1.40,8.98,"1000
",721,504,1.000
41742,1.39,21.00,"1500
",801,602,1.000
41743,1.37,21.80,"1000
",807,526,1.000
41744,1.32,7.84,"1000
",720,502,1.000
41745,1.32,12.90,"1500
",814,618,1.000
41746,1.30,16.80,"1000
",812,717,1.000
41747,1.28,5.97,"1000
",728,513,1.000
41748,1.27,15.30,"1500
",801,801,1.000
41749,1.26,21.90,"1000
",809,716,1.000
41750,1.25,23.80,"1000
",800,523,1.000
41751,1.24,16.40,"1000
",806,406,1.000
41752,1.15,5.84,"1000
",815,534,0.000
41754,1.11,4.78,"0
",244,244,0.000
41755,1.11,7.22,"1000
",826,515,0.000
41756,1.11,8.12,"1000
",802,524,1.000
41757,1.12,1.09,"1000
",802,523,
41758,1.09,10.30,"1000
",811,523,1.000
41759,1.08,10.80,"1000
",801,520,1.000
41760,1.09,11.70,"1000
",814,502,1.000
41761,1.09,12.70,"1000
",825,513,1.000
41762,1.08,14.00,"1000
",813,526,1.000
41763,1.06,9.86,"0
",805,521,1.000
41764,1.03,9.72,"0
",818,527,1.000
41765,1.02,9.62,"0
",807,519,1.000
41766,1.01,13.70,"1500
",1104,529,0.000
41767,1.00,13.30,"500
",1111,550,1.000
41768,0.98,10.70,"500
",1103,572,1.000
41769,1.00,11.60,"500
",1116,522,1.000
41770,0.96,12.40,"500
",1112,519,1.000
41771,0.98,13.10,"1000
",812,525,1.000
41772,1.14,4.98,"500
",243,243,1.000
41773,1.10,1.10,"500
",220,220,0.000
41774,1.09,1.09,"500
",251,251,0.000
41775,1.08,1.08,"500
",247,247,0.000
41776,1.07,4.71,"500
",235,235,0.000
41777,1.06,1.06,"500
",222,222,0.000
41778,1.04,1.04,"500
",257,257,1.000
41779,1.04,1.04,"500
",225,225,0.000
41780,1.04,1.04,"500
",225,225,0.000
41781,1.03,7.51,"500
",248,248,0.000
41782,1.03,9.22,"500
",820,512,1.000
41783,1.02,9.80,"500
",814,531,1.000
41784,1.03,10.80,"500
",828,518,1.000
41785,1.32,7.27,"500
",244,244,1.000
41786,1.25,8.83,"500
",1109,568,0.000
41787,1.02,10.20,"500
",1105,561,1.000
41788,1.03,15.20,"500
",1110,570,1.000
41789,1.03,1.28,"350
",1101,473,0.000
41790,1.02,20.80,"350
",1102,469,1.000
41791,1.03,1.02,"350
",1108,477,0.000
41792,1.02,10.90,"350
",1104,475,1.000
41793,1.02,10.80,"350
",1200,451,1.000
41794,1.02,1.02,"350
",1208,467,0.000
41795,1.01,9.60,"350
",1201,479,1.000
41796,1.01,9.94,"350
",1215,476,1.000
41797,1.01,10.40,"350
",1207,465,1.000
41798,1.01,10.50,"350
",1202,479,1.000
41799,1.01,10.60,"350
",1217,476,0.000
41800,1.00,10.50,"350
",1213,472,1.000
41801,1.00,10.80,"350
",1211,470,0.000
41802,1.00,11.00,"350
",1208,454,1.000
41803,1.00,11.00,"350
",1206,455,1.000
41804,1.00,10.90,"350
",1211,462,1.000
41805,1.00,10.80,"350
",1205,450,1.000
41806,1.00,10.80,"350
",1212,466,0.000
41807,0.99,7.97,"350
",1208,451,0.000
41808,0.99,7.94,"350
",1201,568,1.000
41809,0.99,7.84,"350
",1214,580,1.000
41810,0.99,7.77,"350
",1215,554,1.000
41811,0.99,10.60,"350
",1205,479,1.000
41812,0.99,10.80,"350
",1203,478,1.000
41813,0.96,8.98,"350
",1205,472,1.000
41814,0.96,0.96,"350
",1201,458,0.000
41815,0.96,9.09,"350
",1212,472,1.000
41816,0.96,9.62,"350
",1206,484,1.000
41817,0.97,10.40,"350
",1204,452,1.000
41818,0.96,11.30,"350
",1210,469,1.000
41819,0.97,12.40,"350
",1212,476,0.000
41820,1.50,1.54,"1000
",817,529,0.000
41821,1.47,5.68,"1000
",807,524,1.000
41822,1.20,1.20,"
",0,0,
41823,1.19,8.45,"1000
",809,526,1.000
41824,1.48,14.10,"1000
",800,519,0.000
41825,1.44,3.94,"350
",1213,451,1.000
41826,1.30,6.25,"350
",1201,467,0.000
41827,1.23,16.90,"350
",1200,472,1.000
41828,1.20,1.34,"350
",1214,469,0.000
41829,1.14,15.10,"350
",1211,476,1.000
41830,1.10,8.07,"350
",1212,458,0.000
41831,1.09,8.51,"0
",1215,414,1.000
41832,1.07,8.89,"0
",1213,416,1.000
41833,1.06,6.34,"0
",1214,432,1.000
41834,1.00,21.70,"0
",1014,454,1.000
41835,1.01,18.60,"0
",1016,481,1.000
41836,0.99,21.10,"0
",1019,459,1.000
41837,0.95,16.30,"0
",1004,465,1.000
41838,0.94,0.93,"0
",1005,465,1.000
41839,0.94,14.50,"0
",1004,464,1.000
41840,0.93,10.70,"0
",1010,477,1.000
41841,0.87,11.20,"0
",1008,450,0.000
41842,0.92,10.30,"0
",1018,461,1.000
41843,0.90,8.93,"0
",1005,478,1.000
41844,0.91,8.98,"0
",1022,467,1.000
41845,0.91,8.99,"0
",1004,473,1.000
41846,0.91,9.17,"0
",1005,477,1.000
41847,1.30,7.64,"350
",1214,480,1.000
41848,1.30,13.40,"350
",1019,482,1.000
41849,1.19,14.30,"350
",1001,452,1.000
41850,1.16,16.70,"350
",1019,453,1.000
41851,1.11,19.40,"350
",1015,474,0.000
41852,1.09,21.50,"350
",1020,480,1.000
41853,1.04,22.70,"350
",1018,476,1.000
41854,1.03,15.50,"350
",1015,472,0.000
41855,1.02,16.30,"350
",1010,462,1.000
41856,1.01,16.10,"350
",1215,468,1.000
41857,1.01,16.30,"350
",1206,482,0.000
41858,1.00,17.80,"350
",1213,477,1.000
41859,0.99,18.50,"350
",1208,454,1.000
41860,0.98,18.50,"350
",1200,474,1.000
41861,0.94,17.50,"350
",1213,472,1.000
41862,0.96,13.10,"350
",1213,469,0.000
41863,0.96,8.82,"0
",1011,463,1.000
41864,0.98,12.60,"0
",1008,459,0.000
41865,0.99,14.90,"0
",1009,467,1.000
41866,0.99,0.99,"0
",1018,479,0.000
41867,0.98,0.98,"0
",1005,454,0.000
41868,0.98,15.40,"0
",1001,481,1.000
41869,0.98,14.90,"0
",1010,483,0.000
41870,0.94,8.07,"0
",1015,466,0.000
41871,0.95,4.50,"0
",613,417,0.000
41872,0.94,4.47,"600
",1009,500,0.000
41873,0.94,9.83,"600
",1002,525,1.000
41874,0.93,13.10,"1000
",807,606,1.000
41875,0.93,17.80,"1000
",1006,610,1.000
41876,0.93,14.10,"1000
",1200,615,1.000
41877,0.93,3.74,"5000
",1207,619,0.000
41878,0.94,33.00,"5000
",1211,629,0.000
41879,0.95,15.70,"2000
",1210,704,1.000
41880,0.96,29.50,"2000
",1209,702,1.000
41881,0.95,32.70,"2000
",1207,705,1.000
41882,0.95,49.90,"2000
",1202,724,1.000
41883,0.96,66.40,"2000
",1204,715,1.000
41884,2.17,5.25,"1000
",829,523,1.000
41885,2.15,4.98,"1000
",828,518,1.000
41886,1.02,5.43,"500
",808,462,1.000
41887,1.01,9.14,"500
",813,467,1.000
41888,1.00,13.70,"500
",801,451,1.000
41889,1.00,16.00,"500
",818,480,1.000
41890,1.58,19.20,"500
",803,482,1.000
41891,1.17,20.20,"500
",809,461,1.000
41892,1.07,9.88,"1000
",1304,713,1.000
41893,1.00,10.90,"1000
",1302,715,1.000
41894,0.96,11.70,"1000
",1300,715,0.000
41895,0.93,10.20,"1000
",1306,722,1.000
41896,0.91,8.95,"1000
",1303,718,
41897,0.92,9.38,"1000
",1300,708,1.000
41898,0.91,9.72,"1000
",1302,701,1.000
41899,0.91,10.20,"1000
",1303,722,1.000
41900,0.91,10.60,"1000
",1307,708,1.000
41901,0.90,10.40,"1000
",1300,723,1.000
41902,0.90,9.90,"1000
",1305,705,1.000
41903,0.89,9.16,"1000
",1304,700,1.000
41904,0.89,8.84,"1000
",1300,721,1.000
41905,0.89,8.01,"1000
",1300,720,1.000
41906,0.89,0.89,"1000
",822,520,0.000
41907,0.89,22.10,"1000
",814,505,1.000
41908,2.45,17.60,"500
",819,473,1.000
41909,1.89,8.83,"1000
",1300,710,1.000
41910,1.64,9.02,"1000
",1300,704,1.000
41911,1.45,10.30,"1000
",1300,709,1.000
41912,1.36,11.20,"1000
",1300,702,1.000
41913,1.29,12.20,"1000
",1300,710,1.000
41914,1.22,11.40,"1000
",1302,716,1.000
41915,2.16,4.18,"1000
",816,527,0.000
41916,1.89,6.68,"1000
",821,507,1.000
41917,1.67,7.20,"0
",601,403,1.000
41918,1.19,6.77,"1600
",910,503,0.000
41919,1.16,16.70,"0
",911,511,1.000
41920,1.05,9.33,"20000
",911,426,0.000
41921,0.96,3.68,"0
",610,413,0.000
41922,0.96,3.89,"0
",601,402,0.000
41923,0.96,4.15,"0
",621,426,0.000
41924,0.95,18.60,"0
",609,413,1.000
41925,0.96,0.96,"0
",1012,502,1.000
41926,0.92,5.29,"0
",1016,507,1.000
41927,0.92,5.10,"0
",1002,519,1.000
41928,0.93,9.28,"0
",1018,513,1.000
41929,0.92,5.25,"0
",859,519,1.000
41930,0.92,5.23,"0
",812,619,1.000
41931,0.92,11.50,"0
",801,627,1.000
41932,0.90,14.10,"0
",815,620,1.000
41933,0.91,14.10,"0
",813,619,1.000
41934,0.91,15.10,"0
",823,626,1.000
41935,0.92,31.40,"0
",922,571,1.000
41936,0.92,11.80,"0
",1011,459,1.000
41937,0.91,17.70,"0
",1006,456,1.000
41938,0.91,17.80,"0
",1010,415,1.000
41939,0.92,17.80,"0
",1022,477,0.000
41940,0.91,19.30,"0
",1015,472,1.000
41941,0.91,20.90,"0
",1018,471,1.000
41942,0.91,19.60,"0
",1003,476,0.000
41943,0.91,18.60,"0
",1009,485,1.000
41944,0.91,18.30,"0
",1016,428,1.000
41945,0.90,16.00,"0
",1013,466,1.000
41946,0.90,16.20,"0
",1000,479,1.000
41947,0.90,17.50,"0
",1007,484,0.000
41948,0.89,18.70,"0
",1012,465,1.000
41949,0.90,16.90,"0
",1005,482,1.000
41950,0.90,16.50,"0
",1016,0,0.000
41951,0.91,18.70,"0
",1014,465,1.000
41952,12.20,31.40,"0
",609,412,0.000
41953,1.25,40.00,"500
",920,567,0.000
41954,2.51,33.70,"1000
",820,515,0.000
41955,1.44,30.20,"1000
",821,509,0.000
41956,1.14,22.00,"1000
",819,508,0.000
41957,1.13,17.40,"1000
",1216,619,0.000
41958,1.55,5.24,"0
",1006,453,1.000
41959,1.40,10.60,"0
",1012,459,1.000
41960,1.31,12.40,"0
",1004,452,1.000
41961,1.24,14.30,"0
",1003,452,1.000
41962,1.08,10.80,"0
",1004,483,1.000
41963,1.08,1.08,"0
",1012,471,0.000
41964,1.08,13.40,"0
",1014,479,1.000
41966,1.05,15.70,"0
",250,250,1.000
41967,1.03,15.50,"0
",1003,531,1.000
41968,1.03,14.50,"0
",1005,501,1.000
41969,1.02,13.40,"0
",1015,522,1.000
41970,1.01,12.20,"0
",1003,503,1.000
41971,1.00,14.10,"0
",1018,525,1.000
41972,1.00,25.80,"0
",907,502,1.000
41973,1.00,6.14,"1000
",806,320,0.000
41974,0.99,24.50,"0
",1211,452,1.000
41975,0.97,23.40,"0
",1010,507,1.000
41976,0.97,15.30,"0
",917,480,1.000
41977,0.97,17.20,"0
",912,516,1.000
41978,0.96,20.70,"0
",1020,557,1.000
41979,0.96,37.90,"0
",911,516,1.000
41980,0.95,20.30,"0
",1008,461,1.000
41981,0.94,19.30,"0
",1001,605,1.000
41982,0.94,18.50,"0
",1004,411,1.000
41983,0.94,13.50,"500
",904,418,1.000
41984,0.93,19.00,"0
",1203,357,1.000
41985,0.93,12.40,"500
",921,174,0.000
41986,0.92,11.70,"500
",914,206,0.000
41987,0.92,11.00,"500
",910,253,0.000
41988,0.92,10.40,"500
",915,316,1.000
41989,0.93,19.80,"500
",922,386,1.000
41990,0.92,9.77,"500
",912,352,1.000
41991,0.92,9.43,"500
",908,384,1.000
41992,0.92,9.07,"500
",910,350,1.000
41993,0.92,9.06,"500
",922,363,1.000
41994,0.91,9.03,"500
",900,386,1.000
41995,0.91,8.95,"500
",906,381,1.000
41996,0.91,8.95,"500
",909,350,1.000
41997,0.91,8.90,"500
",918,359,1.000
41998,0.91,8.88,"500
",913,357,1.000
41999,0.90,8.89,"500
",920,363,1.000
42000,0.90,8.88,"500
",905,382,1.000
42001,0.90,9.05,"2000
",1009,531,0.000
42002,0.89,8.93,"500
",919,370,1.000
42003,0.89,9.01,"500
",912,351,1.000
42004,0.89,8.96,"500
",906,380,1.000
42005,0.89,8.97,"500
",918,358,1.000
42006,0.89,8.93,"500
",914,353,1.000
42007,0.89,10.80,"0
",1006,678,1.000
42008,0.89,11.20,"0
",1011,719,1.000
42009,0.89,11.40,"0
",1001,364,1.000
42010,0.88,11.60,"9000
",1011,377,0.000
42011,0.88,11.80,"9000
",1009,652,0.000
42012,0.87,11.80,"9000
",1009,717,0.000
42013,0.87,31.10,"0
",907,470,1.000
42014,0.87,21.80,"0
",903,460,1.000
42015,0.87,5.85,"10000
",100,464,1.000
42016,0.86,4.98,"10000
",510,473,0.000
42017,0.86,4.65,"10000
",821,476,0.000
42018,0.87,4.56,"10000
",1001,453,0.000
42019,0.87,4.48,"10000
",821,386,0.000
42020,0.87,4.40,"2000
",1018,320,0.000
42021,0.87,4.32,"2000
",1021,354,0.000
42022,0.87,4.40,"2000
",1000,401,0.000
42023,0.87,4.52,"2000
",1009,468,0.000
42024,0.87,4.52,"2000
",1003,527,0.000
42025,0.87,4.55,"2000
",1001,570,0.000
42026,0.87,4.30,"2000
",1016,624,0.000
42027,0.87,4.55,"2000
",1003,675,0.000
42028,0.87,2.36,"2000
",1001,607,0.000
42029,0.87,9.72,"2000
",518,518,1.000
42030,0.88,0.88,"0
",902,505,0.000
42031,0.88,2.54,"2000
",1009,723,0.000
42032,0.88,2.49,"0
",911,529,0.000
42033,0.88,3.24,"0
",906,509,0.000
42034,0.88,10.00,"2000
",517,819,1.000
42035,4.64,4.26,"1000
",804,526,0.000
42036,3.61,3.57,"1000
",813,506,0.000
42037,3.07,21.70,"1000
",816,509,0.000
42038,1.79,12.80,"1000
",825,521,1.000
42039,1.29,7.25,"1000
",817,512,1.000
42040,1.15,2.15,"350
",810,452,1.000
42041,1.10,9.81,"350
",812,463,1.000
42042,1.01,10.50,"350
",808,451,1.000
42043,0.99,0.99,"1000
",1010,502,0.000
42044,0.98,11.40,"1000
",1013,513,1.000
42045,0.97,97.70,"1000
",1012,509,0.000
42046,0.95,25.20,"1000
",1017,510,1.000
42047,0.95,20.80,"1000
",1009,531,1.000
42048,0.94,18.70,"1000
",1019,512,1.000
42049,0.94,18.30,"1000
",1009,501,1.000
42050,0.90,16.70,"1000
",1000,516,1.000
42051,0.90,0.90,"2000
",500,835,0.000
42052,0.90,0.90,"500
",801,521,0.000
42053,0.90,11.50,"500
",804,527,1.000
42054,0.90,11.80,"500
",819,504,1.000
42055,0.90,12.20,"500
",825,512,1.000
42056,0.90,13.00,"500
",815,505,1.000
42057,0.89,13.40,"500
",801,521,1.000
42058,0.89,14.00,"500
",802,520,1.000
42059,0.88,14.20,"500
",815,530,1.000
42060,0.88,14.50,"500
",814,502,1.000
42061,0.88,15.10,"500
",815,532,1.000
42062,0.88,14.60,"500
",817,505,1.000
42063,0.87,0.87,"500
",816,382,0.000
42064,0.87,11.70,"500
",820,379,1.000
42065,0.87,11.80,"500
",813,375,1.000
42066,0.87,11.50,"0
",802,351,1.000
42067,0.87,12.70,"-500
",812,363,1.000
42068,0.86,12.90,"0
",805,356,1.000
42069,0.85,8.85,"0
",816,370,1.000
42070,0.86,10.50,"0
",804,383,1.000
42071,0.86,12.80,"0
",829,383,1.000
42072,0.86,12.60,"0
",809,357,1.000
42073,0.85,12.10,"1500
",818,368,0.000
42074,0.85,12.60,"1000
",824,375,1.000
42075,0.85,12.90,"1500
",808,357,1.000
42076,1.90,5.81,"350
",806,450,1.000
42077,1.66,12.10,"350
",807,452,1.000
42078,1.59,14.00,"1000
",822,514,1.000
42079,1.24,1.22,"1000
",1016,516,0.000
42080,1.19,1.18,"1000
",1007,504,0.000
42081,1.12,9.69,"500
",818,353,1.000
42082,1.10,1.09,"500
",826,353,0.000
42083,1.07,10.60,"500
",815,382,1.000
42084,0.99,11.00,"500
",804,361,1.000
42085,0.96,11.60,"500
",803,384,1.000
42086,0.96,12.60,"500
",827,355,1.000
42087,0.95,13.70,"500
",801,359,1.000
42088,0.94,14.80,"2500
",824,357,0.000
42089,0.93,15.70,"1500
",821,351,0.000
42090,0.92,11.10,"1000
",813,376,1.000
42091,0.92,10.10,"1000
",812,376,1.000
42092,0.91,9.60,"1000
",815,381,1.000
42093,0.89,9.34,"1000
",1005,380,0.000
42094,,9.41,"1500
",814,382,0.000
42095,0.88,10.00,"1000
",1008,508,1.000
42096,0.88,10.20,"2000
",1019,526,0.000
42097,0.87,10.50,"1500
",1001,532,1.000
42098,0.87,10.40,"1500
",1009,621,1.000
42099,0.86,10.40,"2000
",1003,715,1.000
42100,0.86,10.70,"3000
",1003,716,0.000
42101,0.86,11.00,"3000
",1000,714,0.000
42102,0.85,14.20,"2000
",1020,711,1.000
42103,0.85,8.25,"2000
",1015,719,1.000
42104,0.85,19.80,"1000
",1014,516,1.000
42105,0.85,20.00,"1000
",1004,376,1.000
42106,0.84,21.10,"1000
",1107,816,1.000
42107,0.84,21.40,"1500
",1105,819,1.000
42108,0.83,21.20,"2000
",1115,802,1.000
42109,0.83,21.10,"2500
",1100,810,1.000
42110,0.82,20.40,"3000
",1112,802,1.000
42111,0.82,20.20,"3500
",1115,805,1.000
42112,0.82,20.50,"4500
",1116,804,0.000
42113,0.81,20.90,"4000
",1111,814,1.000
42114,0.81,20.00,"4000
",1102,812,1.000
42115,0.81,20.20,"4000
",1116,803,1.000
42116,1.01,3.34,"0
",808,450,1.000
42117,0.94,14.10,"0
",822,469,1.000
42118,0.92,5.64,"0
",824,472,1.000
42119,0.86,5.96,"0
",813,456,1.000
42120,0.88,6.51,"0
",814,462,1.000
42121,0.87,7.55,"0
",910,464,1.000
42122,0.91,14.20,"0
",806,450,1.000
42123,0.91,0.91,"2000
",1208,714,0.000
42124,0.91,94.90,"2000
",1206,709,0.000
42125,0.90,85.20,"2000
",1206,706,0.000
42126,0.89,57.60,"2000
",1203,711,1.000
42127,0.89,68.80,"2000
",1213,715,1.000
42128,0.88,65.50,"2000
",1204,708,1.000
42129,0.88,64.70,"1500
",1214,725,1.000
42130,0.87,68.00,"2000
",1206,716,1.000
42131,0.87,64.10,"2000
",1204,707,1.000
42132,0.87,63.70,"2500
",1203,713,1.000
42133,0.86,73.60,"2500
",1209,716,1.000
42134,0.85,85.10,"2500
",1209,720,1.000
42136,0.82,62.90,"2500
",1209,715,1.000
42137,0.82,62.20,"2500
",1215,707,1.000
42138,0.82,83.50,"2500
",1213,701,1.000
42139,0.83,55.10,"2000
",1202,711,1.000
42140,0.82,69.60,"3000
",1207,713,1.000
42141,0.82,65.50,"4000
",1204,716,1.000
42142,0.82,64.20,"5000
",1213,724,0.000
42143,0.82,62.40,"6000
",1202,712,1.000
42144,0.81,61.20,"7000
",1200,708,0.000
42145,0.87,47.70,"2000
",1204,716,1.000
42146,0.86,66.90,"7000
",1214,706,0.000
42147,0.85,55.20,"5000
",1202,708,1.000
42148,0.85,56.60,"7000
",1212,627,0.000
42149,0.84,65.30,"7000
",1208,618,0.000
42150,0.83,,"5000
",1210,608,0.000
42151,0.83,61.60,"5000
",1105,626,0.000
42152,2.34,55.00,"2000
",1204,711,1.000
42153,2.62,67.60,"5000
",1209,713,0.000
42154,2.22,53.70,"5000
",1214,725,0.000
42155,2.03,62.40,"4000
",1202,710,1.000
42156,1.73,60.00,"3500
",1201,716,1.000
42157,1.41,54.70,"1500
",1203,711,1.000
42158,1.28,54.70,"500
",812,382,1.000
42159,1.19,16.10,"500
",800,364,1.000
42160,1.11,48.50,"5000
",1215,708,0.000
42161,1.04,44.30,"5000
",1205,711,1.000
42162,1.00,58.30,"5000
",1207,713,0.000
42163,0.96,69.60,"5000
",1213,702,0.000
42164,0.94,65.70,"5000
",1202,711,0.000
42165,0.92,19.40,"500
",820,354,1.000
42166,0.91,61.80,"5000
",1211,700,0.000
42167,0.91,69.00,"6000
",1209,723,1.000
42168,0.86,10.40,"500
",811,378,1.000
42169,1.09,1.07,"1000
",814,525,0.000
42170,0.98,7.87,"1000
",826,515,1.000
42171,0.83,0.83,"
",0,0,
42172,0.82,2.83,"1000
",824,513,0.000
42173,0.83,9.89,"1000
",817,503,1.000
42174,0.81,13.80,"500
",908,502,1.000
42175,0.82,15.90,"0
",1012,533,1.000
42177,0.81,21.10,"500
",917,515,1.000
42178,0.79,41.90,"500
",1201,413,0.000
42179,0.80,45.80,"500
",1210,460,0.000
42180,0.80,37.70,"500
",1212,511,1.000
42181,0.80,46.10,"500
",1200,519,1.000
42182,0.80,47.70,"500
",1213,509,1.000
42183,0.80,46.00,"500
",1209,525,1.000
42184,0.79,44.10,"500
",1206,527,1.000
42185,0.79,44.10,"500
",1210,527,1.000
42186,0.79,45.30,"500
",1210,525,0.000
42187,1.17,2.04,"1000
",805,526,0.000
42188,1.05,3.58,"1000
",911,508,0.000
42189,0.99,13.50,"1000
",913,515,1.000
42190,0.85,10.10,"350
",813,461,1.000
42191,0.86,27.80,"350
",1212,467,1.000
42192,0.85,38.50,"500
",1205,501,1.000
42193,0.84,64.80,"500
",1202,522,1.000
42194,0.99,2.21,"1000
",827,519,0.000
42195,0.96,6.87,"1000
",831,524,1.000
42196,0.83,9.24,"1000
",811,529,1.000
42197,1.10,12.20,"350
",813,456,1.000
42198,0.98,31.10,"500
",1210,523,1.000
42199,0.96,45.30,"2000
",1209,515,1.000
42200,0.94,51.40,"4000
",1207,509,1.000
42201,0.93,48.20,"4000
",1209,509,1.000
42202,0.92,62.50,"6000
",1204,527,0.000
42203,0.91,53.30,"8000
",1212,522,1.000
42204,0.90,59.80,"8000
",1209,520,0.000
42205,0.88,29.90,"8000
",1206,512,0.000
42206,0.87,20.00,"8000
",1214,503,0.000
42207,0.86,21.90,"8000
",1208,524,0.000
42208,0.84,21.00,"0
",1205,509,1.000
42209,0.84,20.00,"0
",1211,527,1.000
42210,0.84,19.20,"0
",1206,522,1.000
42211,0.85,17.80,"0
",1206,525,1.000
42212,0.84,17.90,"5000
",1207,521,0.000
42213,0.99,8.43,"500
",800,480,1.000
42214,0.98,6.32,"500
",812,468,1.000
42215,0.96,16.20,"1000
",1307,721,1.000
42216,0.96,19.30,"1000
",1300,717,1.000
42217,0.93,21.10,"1000
",1300,716,1.000
42218,0.94,19.00,"1000
",1304,705,1.000
42219,0.94,11.70,"1000
",1300,701,1.000
42220,0.93,15.20,"1000
",1306,709,1.000
42221,0.93,17.80,"1000
",1304,523,1.000
42222,0.92,14.30,"100
",1300,511,1.000
42223,0.92,14.10,"1000
",1301,715,1.000
42224,0.91,13.30,"1000
",1300,728,1.000
42225,0.91,13.10,"1000
",1301,722,1.000
42226,0.90,9.71,"1000
",1300,717,1.000
42227,0.90,9.20,"1000
",1301,715,1.000
42228,0.90,8.46,"0
",1301,478,1.000
42229,0.90,8.65,"0
",1301,479,1.000
42230,0.89,8.57,"0
",1304,460,1.000
42231,0.89,8.11,"1200
",1305,98,0.000
42232,0.88,7.83,"1200
",1300,701,1.000
42233,0.88,7.06,"1200
",1306,716,1.000
42234,0.87,6.35,"1500
",1301,706,1.000
42235,2.50,10.40,"1000
",1303,714,1.000
42236,2.14,14.80,"1000
",1303,725,1.000
42237,1.82,19.70,"1000
",1300,702,1.000
42238,1.50,20.90,"1000
",1304,724,1.000
42239,1.37,17.80,"1000
",1300,714,1.000
42240,1.27,17.60,"1000
",1301,723,1.000
42241,1.15,15.70,"1000
",1302,723,1.000
42242,1.09,14.90,"1000
",1301,624,0.000
42243,1.05,14.80,"1000
",1302,604,1.000
42244,1.02,15.00,"1000
",1300,576,1.000
42245,0.99,19.60,"1000
",1301,552,1.000
42246,3.65,29.90,"1000
",814,524,1.000
41014,,5.40,"1000
",243,243,0.000
41015,,6.93,"1000
",255,255,0.000
41047,,273000.00,"1000
",,,0.000
41048,,273000.00,"1000
",,,0.000
41049,,274000.00,"1000
",,,0.000
41064,,12.40,"1000
",222,222,
41065,,9.27,"1000
",0,0,0.000
41066,,9.54,"1000
",0,0,0.000
41067,,10.20,"1000
",0,0,0.000
41068,,15.60,"1000
",0,0,0.000
41069,,16.50,"1000
",0,0,0.000
41070,,19.50,"1000
",801,523,
41071,,21.30,"1000
",821,509,
41072,,20.80,"1000
",255,255,0.000
41073,,17.70,"1000
",249,249,0.000
41074,,12.10,"1000
",230,230,0.000
41075,,14.00,"1000
",824,522,1.000
41076,,15.30,"1000
",826,520,1.000
41077,,27.60,"1000
",800,523,1.000
41078,,37.30,"1000
",241,241,
41079,,21.70,"1000
",225,225,0.000
41080,,2.28,"
",0,0,
41081,,53.30,"0
",600,404,0.000
41082,,29.20,"1000
",815,507,1.000
41083,,16.60,"0
",909,514,1.000
41084,,22.30,"1000
",824,524,1.000
41085,,20.30,"1000
",814,513,1.000
41086,,6.43,"0
",922,527,1.000
41087,,6.22,"1500
",914,523,0.000
41088,,6.21,"500
",923,527,1.000
41089,,3.52,"500
",906,508,0.000
41090,,11.00,"500
",912,521,1.000
41091,,28.90,"1000
",824,521,1.000
41092,,8.12,"1000
",812,504,1.000
41093,,5.63,"1000
",829,522,1.000
41094,,7.14,"0
",925,411,1.000
41095,,7.65,"0
",918,602,1.000
41096,,5.18,"0
",926,414,1.000
41097,,9140.00,"1000
",247,247,0.000
41098,,47.40,"1000
",813,531,0.000
41099,,30.00,"1000
",700,517,1.000
41100,,33.70,"1000
",818,506,1.000
41101,,25.80,"1000
",0,0,0.000
41102,,31.60,"1000
",0,0,0.000
41103,,34.30,"1000
",817,467,1.000
41104,,22.80,"1000
",0,0,0.000
41105,,11.20,"1000
",0,0,0.000
41106,,14.50,"1000
",0,0,0.000
41107,,23.10,"1000
",0,0,0.000
41108,,23.00,"1000
",0,0,0.000
41109,,19.00,"1000
",0,0,0.000
41110,,15.50,"1000
",,,0.000
41111,,3230.00,"1000
",0,0,0.000
41112,,7430.00,"1000
",0,0,0.000
41113,,8190.00,"1000
",0,0,0.000
41114,,8510.00,"1000
",0,0,0.000
41115,,3.16,"1000
",810,522,0.000
41116,,2.55,"1000
",242,242,0.000
41117,,13.00,"1000
",236,236,1.000
41137,,214000.00,"1
",,,
41162,,1.98,"1
",,,
41348,,1.79,"1
",,,
40548,,,"1000
",225,225,0.000
40776,,,,,,0.000
40777,,,,,,0.000
40778,,,,,,0.000
40779,,,,,,0.000
40780,,,,,,0.000
40781,,,,,,0.000
40782,,,,,,0.000
40783,,,,,,0.000
40784,,,,,,0.000
40785,,,,,,0.000
40786,,,,,,0.000
40787,,,,,,0.000
40788,,,,,,0.000
40789,,,,,,1.000
40790,,,,,,1.000
40791,,,,,,0.000
40792,,,,,,0.000
40793,,,,,,0.000
40794,,,,,,1.000
41650,,,,,,0.000
